-- MySQL Script generated by MySQL Workbench
-- Dom 04 Nov 2018 13:41:44 -02
-- Model: New Model    Version: 1.0
-- MySQL Workbench Forward Engineering

SET @OLD_UNIQUE_CHECKS=@@UNIQUE_CHECKS, UNIQUE_CHECKS=0;
SET @OLD_FOREIGN_KEY_CHECKS=@@FOREIGN_KEY_CHECKS, FOREIGN_KEY_CHECKS=0;
SET @OLD_SQL_MODE=@@SQL_MODE, SQL_MODE='TRADITIONAL,ALLOW_INVALID_DATES';

-- -----------------------------------------------------
-- Schema sosunb
-- -----------------------------------------------------

-- -----------------------------------------------------
-- Schema sosunb
-- -----------------------------------------------------
CREATE SCHEMA IF NOT EXISTS `sosunb` DEFAULT CHARACTER SET utf8 ;
USE `sosunb` ;

-- -----------------------------------------------------
-- Table `sosunb`.`profile_type`
-- -----------------------------------------------------
CREATE TABLE IF NOT EXISTS `sosunb`.`profile_type` (
  `id` INT NOT NULL,
  `type` VARCHAR(50) NULL,
  `excluded` INT NULL DEFAULT 0,
  PRIMARY KEY (`id`))
ENGINE = InnoDB;


-- -----------------------------------------------------
-- Table `sosunb`.`users`
-- -----------------------------------------------------
CREATE TABLE IF NOT EXISTS `sosunb`.`users` (
  `id` INT NOT NULL AUTO_INCREMENT,
  `name` VARCHAR(100) NULL,
  `registry` VARCHAR(20) NULL,
  `identity` VARCHAR(20) NULL,
  `date_birth` DATE NULL,
  `image_profile` VARCHAR(50) NULL,
  `email` VARCHAR(100) NULL,
  `password` VARCHAR(255) NULL,
  `register_date` DATETIME NULL DEFAULT CURRENT_TIMESTAMP,
  `excluded` INT NULL DEFAULT 0,
  `profile_type_id` INT NOT NULL,
  PRIMARY KEY (`id`),
  INDEX `fk_users_profile_type1_idx` (`profile_type_id` ASC),
  CONSTRAINT `fk_users_profile_type1`
    FOREIGN KEY (`profile_type_id`)
    REFERENCES `sosunb`.`profile_type` (`id`)
    ON DELETE NO ACTION
    ON UPDATE NO ACTION)
ENGINE = InnoDB;


-- -----------------------------------------------------
-- Table `sosunb`.`status`
-- -----------------------------------------------------
CREATE TABLE IF NOT EXISTS `sosunb`.`status` (
  `id` INT NOT NULL AUTO_INCREMENT,
  `name` VARCHAR(50) NULL,
  `excluded` INT NULL DEFAULT 0,
  PRIMARY KEY (`id`))
ENGINE = InnoDB;


-- -----------------------------------------------------
-- Table `sosunb`.`type_demand`
-- -----------------------------------------------------
CREATE TABLE IF NOT EXISTS `sosunb`.`type_demand` (
  `id` INT NOT NULL AUTO_INCREMENT,
  `demands` VARCHAR(50) NULL,
  `excluded` INT NULL DEFAULT 0,
  PRIMARY KEY (`id`))
ENGINE = InnoDB;


-- -----------------------------------------------------
-- Table `sosunb`.`type_problems`
-- -----------------------------------------------------
CREATE TABLE IF NOT EXISTS `sosunb`.`type_problems` (
  `id` INT NOT NULL AUTO_INCREMENT,
  `type` VARCHAR(50) NULL,
  `excluded` INT NULL DEFAULT 0,
  PRIMARY KEY (`id`))
ENGINE = InnoDB;


-- -----------------------------------------------------
-- Table `sosunb`.`area`
-- -----------------------------------------------------
CREATE TABLE IF NOT EXISTS `sosunb`.`area` (
  `id` INT NOT NULL AUTO_INCREMENT,
  `area` VARCHAR(50) NULL,
  `excluded` INT NULL DEFAULT 0,
  PRIMARY KEY (`id`))
ENGINE = InnoDB;


-- -----------------------------------------------------
-- Table `sosunb`.`campus`
-- -----------------------------------------------------
CREATE TABLE IF NOT EXISTS `sosunb`.`campus` (
  `id` INT NOT NULL AUTO_INCREMENT,
  `campus` VARCHAR(50) NULL,
  `excluded` INT NULL DEFAULT 0,
  PRIMARY KEY (`id`))
ENGINE = InnoDB;


-- -----------------------------------------------------
-- Table `sosunb`.`local`
-- -----------------------------------------------------
CREATE TABLE IF NOT EXISTS `sosunb`.`local` (
  `id` INT NOT NULL AUTO_INCREMENT,
  `local` VARCHAR(100) NULL,
  `campus_id` INT NOT NULL,
  `area_id` INT NOT NULL,
  `excluded` INT NULL DEFAULT 0,
  PRIMARY KEY (`id`),
  INDEX `fk_local_area1_idx` (`area_id` ASC),
  INDEX `fk_local_campus1_idx` (`campus_id` ASC),
  CONSTRAINT `fk_local_area1`
    FOREIGN KEY (`area_id`)
    REFERENCES `sosunb`.`area` (`id`)
    ON DELETE NO ACTION
    ON UPDATE NO ACTION,
  CONSTRAINT `fk_local_campus1`
    FOREIGN KEY (`campus_id`)
    REFERENCES `sosunb`.`campus` (`id`)
    ON DELETE NO ACTION
    ON UPDATE NO ACTION)
ENGINE = InnoDB;


-- -----------------------------------------------------
-- Table `sosunb`.`demands`
-- -----------------------------------------------------
CREATE TABLE IF NOT EXISTS `sosunb`.`demands` (
  `id` INT NOT NULL AUTO_INCREMENT,
  `image` VARCHAR(20) NULL,
  `title` VARCHAR(50) NULL,
  `description` TEXT NULL,
  `created_date` DATETIME NULL,
  `excluded` INT NULL DEFAULT 0,
  `status_id` INT NOT NULL DEFAULT 0,
  `type_demand_id` INT NOT NULL,
  `type_problems_id` INT NOT NULL,
  `users_id` INT NOT NULL,
  `local_id` INT NOT NULL,
  `counter` INT NULL DEFAULT 0,
  `resolved` INT NULL DEFAULT 0,
  PRIMARY KEY (`id`),
  INDEX `fk_demands_status1_idx` (`status_id` ASC),
  INDEX `fk_demands_type_demand1_idx` (`type_demand_id` ASC),
  INDEX `fk_demands_type_problems1_idx` (`type_problems_id` ASC),
  INDEX `fk_demands_users1_idx` (`users_id` ASC),
  INDEX `fk_demands_local1_idx` (`local_id` ASC),
  CONSTRAINT `fk_demands_status1`
    FOREIGN KEY (`status_id`)
    REFERENCES `sosunb`.`status` (`id`)
    ON DELETE NO ACTION
    ON UPDATE NO ACTION,
  CONSTRAINT `fk_demands_type_demand1`
    FOREIGN KEY (`type_demand_id`)
    REFERENCES `sosunb`.`type_demand` (`id`)
    ON DELETE NO ACTION
    ON UPDATE NO ACTION,
  CONSTRAINT `fk_demands_type_problems1`
    FOREIGN KEY (`type_problems_id`)
    REFERENCES `sosunb`.`type_problems` (`id`)
    ON DELETE NO ACTION
    ON UPDATE NO ACTION,
  CONSTRAINT `fk_demands_users1`
    FOREIGN KEY (`users_id`)
    REFERENCES `sosunb`.`users` (`id`)
    ON DELETE NO ACTION
    ON UPDATE NO ACTION,
  CONSTRAINT `fk_demands_local1`
    FOREIGN KEY (`local_id`)
    REFERENCES `sosunb`.`local` (`id`)
    ON DELETE NO ACTION
    ON UPDATE NO ACTION)
ENGINE = InnoDB;


-- -----------------------------------------------------
-- Table `sosunb`.`coments`
-- -----------------------------------------------------
CREATE TABLE IF NOT EXISTS `sosunb`.`coments` (
  `id` INT NOT NULL AUTO_INCREMENT,
  `comment` TEXT NULL,
  `data` DATETIME NULL DEFAULT CURRENT_TIMESTAMP,
  `excluded` INT NULL DEFAULT 0,
  `users_id` INT NOT NULL,
  `demands_id` INT NOT NULL,
  PRIMARY KEY (`id`),
  INDEX `fk_coments_users1_idx` (`users_id` ASC),
  INDEX `fk_coments_demands1_idx` (`demands_id` ASC),
  CONSTRAINT `fk_coments_users1`
    FOREIGN KEY (`users_id`)
    REFERENCES `sosunb`.`users` (`id`)
    ON DELETE NO ACTION
    ON UPDATE NO ACTION,
  CONSTRAINT `fk_coments_demands1`
    FOREIGN KEY (`demands_id`)
    REFERENCES `sosunb`.`demands` (`id`)
    ON DELETE NO ACTION
    ON UPDATE NO ACTION)
ENGINE = InnoDB;


-- -----------------------------------------------------
-- Table `sosunb`.`likes`
-- -----------------------------------------------------
CREATE TABLE IF NOT EXISTS `sosunb`.`likes` (
  `id` INT NOT NULL AUTO_INCREMENT,
  `date` DATETIME NULL DEFAULT CURRENT_TIMESTAMP,
  `users_id` INT NOT NULL,
  `demands_id` INT NOT NULL,
  PRIMARY KEY (`id`),
  INDEX `fk_likes_users1_idx` (`users_id` ASC),
  INDEX `fk_likes_demands1_idx` (`demands_id` ASC),
  CONSTRAINT `fk_likes_users1`
    FOREIGN KEY (`users_id`)
    REFERENCES `sosunb`.`users` (`id`)
    ON DELETE NO ACTION
    ON UPDATE NO ACTION,
  CONSTRAINT `fk_likes_demands1`
    FOREIGN KEY (`demands_id`)
    REFERENCES `sosunb`.`demands` (`id`)
    ON DELETE NO ACTION
    ON UPDATE NO ACTION)
ENGINE = InnoDB;


-- -----------------------------------------------------
-- Table `sosunb`.`answers`
-- -----------------------------------------------------
CREATE TABLE IF NOT EXISTS `sosunb`.`answers` (
  `id` INT NOT NULL,
  `data` DATETIME NULL DEFAULT CURRENT_TIMESTAMP,
  `coment` VARCHAR(45) NULL,
  `previous_status` INT NULL,
  `current_status` INT NULL,
  `demands_id` INT NOT NULL,
  `users_id` INT NOT NULL,
  PRIMARY KEY (`id`),
  INDEX `fk_respostas_demandas_demands1_idx` (`demands_id` ASC),
  INDEX `fk_respostas_demandas_users1_idx` (`users_id` ASC),
  CONSTRAINT `fk_respostas_demandas_demands1`
    FOREIGN KEY (`demands_id`)
    REFERENCES `sosunb`.`demands` (`id`)
    ON DELETE NO ACTION
    ON UPDATE NO ACTION,
  CONSTRAINT `fk_respostas_demandas_users1`
    FOREIGN KEY (`users_id`)
    REFERENCES `sosunb`.`users` (`id`)
    ON DELETE NO ACTION
    ON UPDATE NO ACTION)
ENGINE = InnoDB;


SET SQL_MODE=@OLD_SQL_MODE;
SET FOREIGN_KEY_CHECKS=@OLD_FOREIGN_KEY_CHECKS;
SET UNIQUE_CHECKS=@OLD_UNIQUE_CHECKS;

-- -----------------------------------------------------
-- Data for table `sosunb`.`profile_type`
-- -----------------------------------------------------
START TRANSACTION;
USE `sosunb`;
INSERT INTO `sosunb`.`profile_type` (`id`, `type`, `excluded`) VALUES (1, 'user', NULL);
INSERT INTO `sosunb`.`profile_type` (`id`, `type`, `excluded`) VALUES (2, 'admin', NULL);
INSERT INTO `sosunb`.`profile_type` (`id`, `type`, `excluded`) VALUES (3, 'manager', NULL);

COMMIT;


-- -----------------------------------------------------
-- Data for table `sosunb`.`status`
-- -----------------------------------------------------
START TRANSACTION;
USE `sosunb`;
INSERT INTO `sosunb`.`status` (`id`, `name`, `excluded`) VALUES (1, 'Aberta', 0);
INSERT INTO `sosunb`.`status` (`id`, `name`, `excluded`) VALUES (2, 'Reclassificada', 0);
INSERT INTO `sosunb`.`status` (`id`, `name`, `excluded`) VALUES (3, 'Em Análise', 0);
INSERT INTO `sosunb`.`status` (`id`, `name`, `excluded`) VALUES (4, 'Resolvida', 0);
INSERT INTO `sosunb`.`status` (`id`, `name`, `excluded`) VALUES (5, 'Solução Inviável', 0);

COMMIT;


-- -----------------------------------------------------
-- Data for table `sosunb`.`type_demand`
-- -----------------------------------------------------
START TRANSACTION;
USE `sosunb`;
INSERT INTO `sosunb`.`type_demand` (`id`, `demands`, `excluded`) VALUES (1, 'Reclamação', 0);
INSERT INTO `sosunb`.`type_demand` (`id`, `demands`, `excluded`) VALUES (2, 'Sugestão', 0);

COMMIT;


-- -----------------------------------------------------
-- Data for table `sosunb`.`type_problems`
-- -----------------------------------------------------
START TRANSACTION;
USE `sosunb`;
INSERT INTO `sosunb`.`type_problems` (`id`, `type`, `excluded`) VALUES (1, 'Elétrico', 0);
INSERT INTO `sosunb`.`type_problems` (`id`, `type`, `excluded`) VALUES (2, 'Hidráulico', 0);
INSERT INTO `sosunb`.`type_problems` (`id`, `type`, `excluded`) VALUES (3, 'Estrutural', 0);

COMMIT;


-- -----------------------------------------------------
-- Data for table `sosunb`.`area`
-- -----------------------------------------------------
START TRANSACTION;
USE `sosunb`;
INSERT INTO `sosunb`.`area` (`id`, `area`, `excluded`) VALUES (1, 'Externo', 0);
INSERT INTO `sosunb`.`area` (`id`, `area`, `excluded`) VALUES (2, 'Interno', 0);

COMMIT;


-- -----------------------------------------------------
-- Data for table `sosunb`.`campus`
-- -----------------------------------------------------
START TRANSACTION;
USE `sosunb`;
INSERT INTO `sosunb`.`campus` (`id`, `campus`, `excluded`) VALUES (1, 'Ceilândia', 0);
INSERT INTO `sosunb`.`campus` (`id`, `campus`, `excluded`) VALUES (2, 'Darcy', 0);
INSERT INTO `sosunb`.`campus` (`id`, `campus`, `excluded`) VALUES (3, 'Gama', 0);
INSERT INTO `sosunb`.`campus` (`id`, `campus`, `excluded`) VALUES (4, 'Planaltina', 0);

COMMIT;


-- -----------------------------------------------------
-- Data for table `sosunb`.`local`
-- -----------------------------------------------------
START TRANSACTION;
USE `sosunb`;
INSERT INTO `sosunb`.`local` (`id`, `local`, `campus_id`, `area_id`, `excluded`) VALUES (1, 'Calçada', 1, 1, 0);
INSERT INTO `sosunb`.`local` (`id`, `local`, `campus_id`, `area_id`, `excluded`) VALUES (2, 'Ciclovia', 1, 1, 0);
INSERT INTO `sosunb`.`local` (`id`, `local`, `campus_id`, `area_id`, `excluded`) VALUES (3, 'Estacionamento', 1, 1, 0);
INSERT INTO `sosunb`.`local` (`id`, `local`, `campus_id`, `area_id`, `excluded`) VALUES (4, 'Jardim', 1, 1, 0);
INSERT INTO `sosunb`.`local` (`id`, `local`, `campus_id`, `area_id`, `excluded`) VALUES (5, 'Pista', 1, 1, 0);
INSERT INTO `sosunb`.`local` (`id`, `local`, `campus_id`, `area_id`, `excluded`) VALUES (6, 'Calçada', 2, 1, 0);
INSERT INTO `sosunb`.`local` (`id`, `local`, `campus_id`, `area_id`, `excluded`) VALUES (7, 'Ciclovia', 2, 1, 0);
INSERT INTO `sosunb`.`local` (`id`, `local`, `campus_id`, `area_id`, `excluded`) VALUES (8, 'Estacionamento', 2, 1, 0);
INSERT INTO `sosunb`.`local` (`id`, `local`, `campus_id`, `area_id`, `excluded`) VALUES (9, 'Jardim', 2, 1, 0);
INSERT INTO `sosunb`.`local` (`id`, `local`, `campus_id`, `area_id`, `excluded`) VALUES (10, 'Pista', 2, 1, 0);
INSERT INTO `sosunb`.`local` (`id`, `local`, `campus_id`, `area_id`, `excluded`) VALUES (11, 'Calçada', 3, 1, 0);
INSERT INTO `sosunb`.`local` (`id`, `local`, `campus_id`, `area_id`, `excluded`) VALUES (12, 'Ciclovia', 3, 1, 0);
INSERT INTO `sosunb`.`local` (`id`, `local`, `campus_id`, `area_id`, `excluded`) VALUES (13, 'Estacionamento', 3, 1, 0);
INSERT INTO `sosunb`.`local` (`id`, `local`, `campus_id`, `area_id`, `excluded`) VALUES (14, 'Jardim', 3, 1, 0);
INSERT INTO `sosunb`.`local` (`id`, `local`, `campus_id`, `area_id`, `excluded`) VALUES (15, 'Pista', 3, 1, 0);
INSERT INTO `sosunb`.`local` (`id`, `local`, `campus_id`, `area_id`, `excluded`) VALUES (16, 'Calçada', 4, 1, 0);
INSERT INTO `sosunb`.`local` (`id`, `local`, `campus_id`, `area_id`, `excluded`) VALUES (17, 'Ciclovia', 4, 1, 0);
INSERT INTO `sosunb`.`local` (`id`, `local`, `campus_id`, `area_id`, `excluded`) VALUES (18, 'Estacionamento', 4, 1, 0);
INSERT INTO `sosunb`.`local` (`id`, `local`, `campus_id`, `area_id`, `excluded`) VALUES (19, 'Jardim', 4, 1, 0);
INSERT INTO `sosunb`.`local` (`id`, `local`, `campus_id`, `area_id`, `excluded`) VALUES (20, 'Pista', 4, 1, 0);
INSERT INTO `sosunb`.`local` (`id`, `local`, `campus_id`, `area_id`, `excluded`) VALUES (21, 'Amarelinho', 1, 2, 0);
INSERT INTO `sosunb`.`local` (`id`, `local`, `campus_id`, `area_id`, `excluded`) VALUES (22, 'Centro de Ensino Médio 4 ', 1, 2, 0);
INSERT INTO `sosunb`.`local` (`id`, `local`, `campus_id`, `area_id`, `excluded`) VALUES (23, 'Faculdade da Ceilândia', 1, 2, 0);
INSERT INTO `sosunb`.`local` (`id`, `local`, `campus_id`, `area_id`, `excluded`) VALUES (24, 'Módulo de Serviços e Equipamentos Esportivos', 1, 2, 0);
INSERT INTO `sosunb`.`local` (`id`, `local`, `campus_id`, `area_id`, `excluded`) VALUES (25, 'UED – Unidade de Ensino e Docência', 1, 2, 0);
INSERT INTO `sosunb`.`local` (`id`, `local`, `campus_id`, `area_id`, `excluded`) VALUES (26, 'Unidade Acadêmica – UAC', 1, 2, 0);
INSERT INTO `sosunb`.`local` (`id`, `local`, `campus_id`, `area_id`, `excluded`) VALUES (27, 'Amarelinho ', 2, 2, 0);
INSERT INTO `sosunb`.`local` (`id`, `local`, `campus_id`, `area_id`, `excluded`) VALUES (28, 'Biblioteca Central', 2, 2, 0);
INSERT INTO `sosunb`.`local` (`id`, `local`, `campus_id`, `area_id`, `excluded`) VALUES (29, 'Biotério Central da UnB (Faculdade de Agronomia)', 2, 2, 0);
INSERT INTO `sosunb`.`local` (`id`, `local`, `campus_id`, `area_id`, `excluded`) VALUES (30, 'Bloco de Salas de Aula Norte', 2, 2, 0);
INSERT INTO `sosunb`.`local` (`id`, `local`, `campus_id`, `area_id`, `excluded`) VALUES (31, 'Bloco de Salas de Aula Sul', 2, 2, 0);
INSERT INTO `sosunb`.`local` (`id`, `local`, `campus_id`, `area_id`, `excluded`) VALUES (32, 'Bloco de Salas Eudoro de Souza ', 2, 2, 0);
INSERT INTO `sosunb`.`local` (`id`, `local`, `campus_id`, `area_id`, `excluded`) VALUES (33, 'Centro Brasileiro de Serviços e Pesquisas em Proteínas (CBSP)', 2, 2, 0);
INSERT INTO `sosunb`.`local` (`id`, `local`, `campus_id`, `area_id`, `excluded`) VALUES (34, 'Centro Comunitário Athos Bulcão', 2, 2, 0);
INSERT INTO `sosunb`.`local` (`id`, `local`, `campus_id`, `area_id`, `excluded`) VALUES (35, 'Centro de Apoio ao Desenvolvimento Tecnológico (CTD', 2, 2, 0);
INSERT INTO `sosunb`.`local` (`id`, `local`, `campus_id`, `area_id`, `excluded`) VALUES (36, 'Centro de Aquicultura Sustentável (da Faculdade de Agronomia)', 2, 2, 0);
INSERT INTO `sosunb`.`local` (`id`, `local`, `campus_id`, `area_id`, `excluded`) VALUES (37, 'Centro de Atendimento e Estudos Psicológicos (CAEP)', 2, 2, 0);
INSERT INTO `sosunb`.`local` (`id`, `local`, `campus_id`, `area_id`, `excluded`) VALUES (38, 'Centro de Biotecnologia Molecular (C-BIOTECH)', 2, 2, 0);
INSERT INTO `sosunb`.`local` (`id`, `local`, `campus_id`, `area_id`, `excluded`) VALUES (39, 'Centro de Câncer Bucal do DF/HUB (CCBDF)', 2, 2, 0);
INSERT INTO `sosunb`.`local` (`id`, `local`, `campus_id`, `area_id`, `excluded`) VALUES (40, 'Centro de Cartografia Aplicada e Informação Geográfica (CIGA)', 2, 2, 0);
INSERT INTO `sosunb`.`local` (`id`, `local`, `campus_id`, `area_id`, `excluded`) VALUES (41, 'Centro de Conveniência Negra (CCN)', 2, 2, 0);
INSERT INTO `sosunb`.`local` (`id`, `local`, `campus_id`, `area_id`, `excluded`) VALUES (42, 'Centro de Desenvolvimento de Estudos do Esporte e do Lazer (CEDES)', 2, 2, 0);
INSERT INTO `sosunb`.`local` (`id`, `local`, `campus_id`, `area_id`, `excluded`) VALUES (43, 'Centro de Desenvolvimento Sustentável (CDS)', 2, 2, 0);
INSERT INTO `sosunb`.`local` (`id`, `local`, `campus_id`, `area_id`, `excluded`) VALUES (44, 'Centro de Documentação Edgard Graeff (CEDIARTE)', 2, 2, 0);
INSERT INTO `sosunb`.`local` (`id`, `local`, `campus_id`, `area_id`, `excluded`) VALUES (45, 'Centro de Educação à Distância (CDE)', 2, 2, 0);
INSERT INTO `sosunb`.`local` (`id`, `local`, `campus_id`, `area_id`, `excluded`) VALUES (46, 'Centro de Estudos Avançados de Governo e Administração Pública (CEAG)', 2, 2, 0);
INSERT INTO `sosunb`.`local` (`id`, `local`, `campus_id`, `area_id`, `excluded`) VALUES (47, 'Centro de Estudos Avançados Multidisciplinares (CEAM)', 2, 2, 0);
INSERT INTO `sosunb`.`local` (`id`, `local`, `campus_id`, `area_id`, `excluded`) VALUES (48, 'Centro de Estudos do cerrado da Chapada dos Veadeiros (UnB Cerrado)', 2, 2, 0);
INSERT INTO `sosunb`.`local` (`id`, `local`, `campus_id`, `area_id`, `excluded`) VALUES (49, 'Centro de Estudos em Regulação de Mercado (CERME)', 2, 2, 0);
INSERT INTO `sosunb`.`local` (`id`, `local`, `campus_id`, `area_id`, `excluded`) VALUES (50, 'Centro de Excelência em Turismo (CET)', 2, 2, 0);
INSERT INTO `sosunb`.`local` (`id`, `local`, `campus_id`, `area_id`, `excluded`) VALUES (51, 'Centro de Informática (CPD)', 2, 2, 0);
INSERT INTO `sosunb`.`local` (`id`, `local`, `campus_id`, `area_id`, `excluded`) VALUES (52, 'Centro de Investigação em Economia e Finanças (CIEF)', 2, 2, 0);
INSERT INTO `sosunb`.`local` (`id`, `local`, `campus_id`, `area_id`, `excluded`) VALUES (53, 'Centro de Medicina do Idoso (CMI)', 2, 2, 0);
INSERT INTO `sosunb`.`local` (`id`, `local`, `campus_id`, `area_id`, `excluded`) VALUES (54, 'Centro de Nanociência e Nanobiotecnologia (CNANO)', 2, 2, 0);
INSERT INTO `sosunb`.`local` (`id`, `local`, `campus_id`, `area_id`, `excluded`) VALUES (55, 'Centro de Pesquisa e Aplicação de Bambu e Fibras Naturais (CPAB)', 2, 2, 0);
INSERT INTO `sosunb`.`local` (`id`, `local`, `campus_id`, `area_id`, `excluded`) VALUES (56, 'Centro de Pesquisa em Arquitetura e Informação (CPAI)', 2, 2, 0);
INSERT INTO `sosunb`.`local` (`id`, `local`, `campus_id`, `area_id`, `excluded`) VALUES (57, 'Centro de Pesquisa em Gestão, Inovação e Sustentabilidade (CPGIS)', 2, 2, 0);
INSERT INTO `sosunb`.`local` (`id`, `local`, `campus_id`, `area_id`, `excluded`) VALUES (58, 'Centro de Pesquisas de Opinião Pública da Universidade de Brasília (DATA UnB)', 2, 2, 0);
INSERT INTO `sosunb`.`local` (`id`, `local`, `campus_id`, `area_id`, `excluded`) VALUES (59, 'Centro de Planejamento (Ceplan)', 2, 2, 0);
INSERT INTO `sosunb`.`local` (`id`, `local`, `campus_id`, `area_id`, `excluded`) VALUES (60, 'Centro de Primatologia', 2, 2, 0);
INSERT INTO `sosunb`.`local` (`id`, `local`, `campus_id`, `area_id`, `excluded`) VALUES (61, 'Centro de Primatologia', 2, 2, 0);
INSERT INTO `sosunb`.`local` (`id`, `local`, `campus_id`, `area_id`, `excluded`) VALUES (62, 'Centro de Produção Cultural e Educativa (CPCE)', 2, 2, 0);
INSERT INTO `sosunb`.`local` (`id`, `local`, `campus_id`, `area_id`, `excluded`) VALUES (63, 'Centro de Referência em Conservação da Natureza e Recuperação de Áreas Degradadas CRAD)', 2, 2, 0);
INSERT INTO `sosunb`.`local` (`id`, `local`, `campus_id`, `area_id`, `excluded`) VALUES (64, 'Centro de Seleção e de Promoção de Eventos (Cespe) - Atual Cebraspe', 2, 2, 0);
INSERT INTO `sosunb`.`local` (`id`, `local`, `campus_id`, `area_id`, `excluded`) VALUES (65, 'Centro Integrado de Ordenamento Territorial (CIORD)', 2, 2, 0);
INSERT INTO `sosunb`.`local` (`id`, `local`, `campus_id`, `area_id`, `excluded`) VALUES (66, 'Centro Interdisciplinar de Estudos em Transportes (CEFTRUu)', 2, 2, 0);
INSERT INTO `sosunb`.`local` (`id`, `local`, `campus_id`, `area_id`, `excluded`) VALUES (67, 'Centro Interdisciplinar de Formação Continuada (INTERFOCO)', 2, 2, 0);
INSERT INTO `sosunb`.`local` (`id`, `local`, `campus_id`, `area_id`, `excluded`) VALUES (68, 'Centro Internacional de Física da Matéria Condensada (CIFMC) – Instituto de Física.', 2, 2, 0);
INSERT INTO `sosunb`.`local` (`id`, `local`, `campus_id`, `area_id`, `excluded`) VALUES (69, 'Centro Olímpico', 2, 2, 0);
INSERT INTO `sosunb`.`local` (`id`, `local`, `campus_id`, `area_id`, `excluded`) VALUES (70, 'Ciência de Computação e Estatística', 2, 2, 0);
INSERT INTO `sosunb`.`local` (`id`, `local`, `campus_id`, `area_id`, `excluded`) VALUES (71, 'Casa da Cultura da América Latina', 2, 2, 0);
INSERT INTO `sosunb`.`local` (`id`, `local`, `campus_id`, `area_id`, `excluded`) VALUES (72, 'Faculdade de Agronomia e Medicina Veterinária', 2, 2, 0);
INSERT INTO `sosunb`.`local` (`id`, `local`, `campus_id`, `area_id`, `excluded`) VALUES (73, 'Faculdade de Arquitetura e Urbanismo', 2, 2, 0);
INSERT INTO `sosunb`.`local` (`id`, `local`, `campus_id`, `area_id`, `excluded`) VALUES (74, 'Faculdade de Ciência da Informação', 2, 2, 0);
INSERT INTO `sosunb`.`local` (`id`, `local`, `campus_id`, `area_id`, `excluded`) VALUES (75, 'Faculdade de Ciências da Saúde', 2, 2, 0);
INSERT INTO `sosunb`.`local` (`id`, `local`, `campus_id`, `area_id`, `excluded`) VALUES (76, 'Faculdade de Comunicação', 2, 2, 0);
INSERT INTO `sosunb`.`local` (`id`, `local`, `campus_id`, `area_id`, `excluded`) VALUES (77, 'Faculdade de Direito', 2, 2, 0);
INSERT INTO `sosunb`.`local` (`id`, `local`, `campus_id`, `area_id`, `excluded`) VALUES (78, 'Faculdade de Economia, Administração, Contabilidade e Gestão de Políticas Públicas', 2, 2, 0);
INSERT INTO `sosunb`.`local` (`id`, `local`, `campus_id`, `area_id`, `excluded`) VALUES (79, 'Faculdade de Educação', 2, 2, 0);
INSERT INTO `sosunb`.`local` (`id`, `local`, `campus_id`, `area_id`, `excluded`) VALUES (80, 'Faculdade de Educação Física', 2, 2, 0);
INSERT INTO `sosunb`.`local` (`id`, `local`, `campus_id`, `area_id`, `excluded`) VALUES (81, 'Faculdade de Medicina', 2, 2, 0);
INSERT INTO `sosunb`.`local` (`id`, `local`, `campus_id`, `area_id`, `excluded`) VALUES (82, 'Faculdade de Tecnologia', 2, 2, 0);
INSERT INTO `sosunb`.`local` (`id`, `local`, `campus_id`, `area_id`, `excluded`) VALUES (83, 'Fazenda Água Limpa', 2, 2, 0);
INSERT INTO `sosunb`.`local` (`id`, `local`, `campus_id`, `area_id`, `excluded`) VALUES (84, 'Hospital Universitário', 2, 2, 0);
INSERT INTO `sosunb`.`local` (`id`, `local`, `campus_id`, `area_id`, `excluded`) VALUES (85, 'Hospital Veterinário de Grandes Animais (Granja do Torto – Faculdade de Agronomia)', 2, 2, 0);
INSERT INTO `sosunb`.`local` (`id`, `local`, `campus_id`, `area_id`, `excluded`) VALUES (86, 'Hospital Veterinário de Pequenos Animais', 2, 2, 0);
INSERT INTO `sosunb`.`local` (`id`, `local`, `campus_id`, `area_id`, `excluded`) VALUES (87, 'ICC – CENTRO ', 2, 2, 0);
INSERT INTO `sosunb`.`local` (`id`, `local`, `campus_id`, `area_id`, `excluded`) VALUES (88, 'ICC – NORTE ', 2, 2, 0);
INSERT INTO `sosunb`.`local` (`id`, `local`, `campus_id`, `area_id`, `excluded`) VALUES (89, 'ICC – SUL', 2, 2, 0);
INSERT INTO `sosunb`.`local` (`id`, `local`, `campus_id`, `area_id`, `excluded`) VALUES (90, 'Instituto de Artes', 2, 2, 0);
INSERT INTO `sosunb`.`local` (`id`, `local`, `campus_id`, `area_id`, `excluded`) VALUES (91, 'Instituto de Ciência Política', 2, 2, 0);
INSERT INTO `sosunb`.`local` (`id`, `local`, `campus_id`, `area_id`, `excluded`) VALUES (92, 'Instituto de Ciências Biológicas', 2, 2, 0);
INSERT INTO `sosunb`.`local` (`id`, `local`, `campus_id`, `area_id`, `excluded`) VALUES (93, 'Instituto de Ciências Exatas (Sala BT 403)', 2, 2, 0);
INSERT INTO `sosunb`.`local` (`id`, `local`, `campus_id`, `area_id`, `excluded`) VALUES (94, 'Instituto de Ciências Humanas – IH (Mezanino – B1 477)', 2, 2, 0);
INSERT INTO `sosunb`.`local` (`id`, `local`, `campus_id`, `area_id`, `excluded`) VALUES (95, 'Instituto de Ciências Sociais', 2, 2, 0);
INSERT INTO `sosunb`.`local` (`id`, `local`, `campus_id`, `area_id`, `excluded`) VALUES (96, 'Instituto de Física (Sala BT 297)', 2, 2, 0);
INSERT INTO `sosunb`.`local` (`id`, `local`, `campus_id`, `area_id`, `excluded`) VALUES (97, 'Instituto de Geociências ', 2, 2, 0);
INSERT INTO `sosunb`.`local` (`id`, `local`, `campus_id`, `area_id`, `excluded`) VALUES (98, 'Instituto de Letras', 2, 2, 0);
INSERT INTO `sosunb`.`local` (`id`, `local`, `campus_id`, `area_id`, `excluded`) VALUES (99, 'Instituto de Psicologia', 2, 2, 0);
INSERT INTO `sosunb`.`local` (`id`, `local`, `campus_id`, `area_id`, `excluded`) VALUES (100, 'Instituto de Química', 2, 2, 0);
INSERT INTO `sosunb`.`local` (`id`, `local`, `campus_id`, `area_id`, `excluded`) VALUES (101, 'Instituto de Relações Internacionais', 2, 2, 0);
INSERT INTO `sosunb`.`local` (`id`, `local`, `campus_id`, `area_id`, `excluded`) VALUES (102, 'Observatório Sismológico', 2, 2, 0);
INSERT INTO `sosunb`.`local` (`id`, `local`, `campus_id`, `area_id`, `excluded`) VALUES (103, 'Ouvidoria da Universidade de Brasília', 2, 2, 0);
INSERT INTO `sosunb`.`local` (`id`, `local`, `campus_id`, `area_id`, `excluded`) VALUES (104, 'Parque Científico e Tecnológico da UnB', 2, 2, 0);
INSERT INTO `sosunb`.`local` (`id`, `local`, `campus_id`, `area_id`, `excluded`) VALUES (105, 'Pavilhão Anísio Teixeira', 2, 2, 0);
INSERT INTO `sosunb`.`local` (`id`, `local`, `campus_id`, `area_id`, `excluded`) VALUES (106, 'Pavilhão João Calmon', 2, 2, 0);
INSERT INTO `sosunb`.`local` (`id`, `local`, `campus_id`, `area_id`, `excluded`) VALUES (107, 'Prédio Multiuso 1', 2, 2, 0);
INSERT INTO `sosunb`.`local` (`id`, `local`, `campus_id`, `area_id`, `excluded`) VALUES (108, 'Prédio Multiuso 2', 2, 2, 0);
INSERT INTO `sosunb`.`local` (`id`, `local`, `campus_id`, `area_id`, `excluded`) VALUES (109, 'Prefeitura', 2, 2, 0);
INSERT INTO `sosunb`.`local` (`id`, `local`, `campus_id`, `area_id`, `excluded`) VALUES (110, 'Procuradoria Jurídica', 2, 2, 0);
INSERT INTO `sosunb`.`local` (`id`, `local`, `campus_id`, `area_id`, `excluded`) VALUES (111, 'Reitoria', 2, 2, 0);
INSERT INTO `sosunb`.`local` (`id`, `local`, `campus_id`, `area_id`, `excluded`) VALUES (112, 'Restaurante Universitário – Darcy Ribeiro', 2, 2, 0);
INSERT INTO `sosunb`.`local` (`id`, `local`, `campus_id`, `area_id`, `excluded`) VALUES (113, 'SIS (CENTRO) - OBSERVATÓRIO SISMOLÓGICO', 2, 2, 0);
INSERT INTO `sosunb`.`local` (`id`, `local`, `campus_id`, `area_id`, `excluded`) VALUES (114, 'Amarelinho', 3, 2, 0);
INSERT INTO `sosunb`.`local` (`id`, `local`, `campus_id`, `area_id`, `excluded`) VALUES (115, 'Faculdade do Gama', 3, 2, 0);
INSERT INTO `sosunb`.`local` (`id`, `local`, `campus_id`, `area_id`, `excluded`) VALUES (116, 'Módulo de Serviços e Equipamentos Esportivos', 3, 2, 0);
INSERT INTO `sosunb`.`local` (`id`, `local`, `campus_id`, `area_id`, `excluded`) VALUES (117, 'Rua dos Conteiners', 3, 2, 0);
INSERT INTO `sosunb`.`local` (`id`, `local`, `campus_id`, `area_id`, `excluded`) VALUES (118, 'Unidade de Ensino e Docência', 3, 2, 0);
INSERT INTO `sosunb`.`local` (`id`, `local`, `campus_id`, `area_id`, `excluded`) VALUES (119, 'Unidade Acadêmica – UAC', 3, 2, 0);
INSERT INTO `sosunb`.`local` (`id`, `local`, `campus_id`, `area_id`, `excluded`) VALUES (120, 'Alojamento Dom Tomás Balduíno', 4, 2, 0);
INSERT INTO `sosunb`.`local` (`id`, `local`, `campus_id`, `area_id`, `excluded`) VALUES (121, 'Amarelinho', 4, 2, 0);
INSERT INTO `sosunb`.`local` (`id`, `local`, `campus_id`, `area_id`, `excluded`) VALUES (122, 'Faculdade de Planaltina', 4, 2, 0);
INSERT INTO `sosunb`.`local` (`id`, `local`, `campus_id`, `area_id`, `excluded`) VALUES (123, 'Módulo de Serviços e Equipamentos Esportivos – MESP', 4, 2, 0);
INSERT INTO `sosunb`.`local` (`id`, `local`, `campus_id`, `area_id`, `excluded`) VALUES (124, 'Unidade Acadêmica – UAC', 4, 2, 0);
INSERT INTO `sosunb`.`local` (`id`, `local`, `campus_id`, `area_id`, `excluded`) VALUES (125, 'Unidade de Ensino e Pesquisa – UEP', 4, 2, 0);

COMMIT;

