-- MySQL Script generated by MySQL Workbench
-- Mon Nov 26 20:06:08 2018
-- Model: New Model    Version: 1.0
-- MySQL Workbench Forward Engineering

SET @OLD_UNIQUE_CHECKS=@@UNIQUE_CHECKS, UNIQUE_CHECKS=0;
SET @OLD_FOREIGN_KEY_CHECKS=@@FOREIGN_KEY_CHECKS, FOREIGN_KEY_CHECKS=0;
SET @OLD_SQL_MODE=@@SQL_MODE, SQL_MODE='ONLY_FULL_GROUP_BY,STRICT_TRANS_TABLES,NO_ZERO_IN_DATE,NO_ZERO_DATE,ERROR_FOR_DIVISION_BY_ZERO,NO_ENGINE_SUBSTITUTION';

-- -----------------------------------------------------
-- Schema sosunb
-- -----------------------------------------------------

-- -----------------------------------------------------
-- Schema sosunb
-- -----------------------------------------------------
CREATE SCHEMA IF NOT EXISTS `sosunb` DEFAULT CHARACTER SET utf8 ;
USE `sosunb` ;

-- -----------------------------------------------------
-- Table `sosunb`.`profile_type`
-- -----------------------------------------------------
CREATE TABLE IF NOT EXISTS `sosunb`.`profile_type` (
  `id` INT NOT NULL,
  `type` VARCHAR(50) NULL,
  `excluded` INT NULL DEFAULT 0,
  PRIMARY KEY (`id`))
ENGINE = InnoDB;


-- -----------------------------------------------------
-- Table `sosunb`.`users`
-- -----------------------------------------------------
CREATE TABLE IF NOT EXISTS `sosunb`.`users` (
  `id` INT NOT NULL AUTO_INCREMENT,
  `name` VARCHAR(100) NULL,
  `registry` VARCHAR(20) NULL,
  `identity` VARCHAR(20) NULL,
  `date_birth` DATE NULL,
  `image_profile` VARCHAR(50) NULL DEFAULT 'default.png',
  `email` VARCHAR(100) NULL,
  `password` VARCHAR(255) NULL,
  `register_date` DATETIME NULL DEFAULT CURRENT_TIMESTAMP,
  `excluded` INT NULL DEFAULT 0,
  `profile_type_id` INT NOT NULL,
  PRIMARY KEY (`id`),
  INDEX `fk_users_profile_type1_idx` (`profile_type_id` ASC),
  CONSTRAINT `fk_users_profile_type1`
    FOREIGN KEY (`profile_type_id`)
    REFERENCES `sosunb`.`profile_type` (`id`)
    ON DELETE NO ACTION
    ON UPDATE NO ACTION)
ENGINE = InnoDB;


-- -----------------------------------------------------
-- Table `sosunb`.`status`
-- -----------------------------------------------------
CREATE TABLE IF NOT EXISTS `sosunb`.`status` (
  `id` INT NOT NULL AUTO_INCREMENT,
  `name` VARCHAR(50) NULL,
  `excluded` INT NULL DEFAULT 0,
  PRIMARY KEY (`id`))
ENGINE = InnoDB;


-- -----------------------------------------------------
-- Table `sosunb`.`type_demand`
-- -----------------------------------------------------
CREATE TABLE IF NOT EXISTS `sosunb`.`type_demand` (
  `id` INT NOT NULL AUTO_INCREMENT,
  `demands` VARCHAR(50) NULL,
  `excluded` INT NULL DEFAULT 0,
  PRIMARY KEY (`id`))
ENGINE = InnoDB;


-- -----------------------------------------------------
-- Table `sosunb`.`category`
-- -----------------------------------------------------
CREATE TABLE IF NOT EXISTS `sosunb`.`category` (
  `id` INT NOT NULL AUTO_INCREMENT,
  `category` VARCHAR(100) NULL,
  `excluded` INT NULL DEFAULT 0,
  PRIMARY KEY (`id`))
ENGINE = InnoDB;


-- -----------------------------------------------------
-- Table `sosunb`.`type_problems`
-- -----------------------------------------------------
CREATE TABLE IF NOT EXISTS `sosunb`.`type_problems` (
  `id` INT NOT NULL AUTO_INCREMENT,
  `type` VARCHAR(50) NULL,
  `category_id` INT NOT NULL,
  `excluded` INT NULL DEFAULT 0,
  PRIMARY KEY (`id`),
  INDEX `fk_type_problems_category1_idx` (`category_id` ASC),
  CONSTRAINT `fk_type_problems_category1`
    FOREIGN KEY (`category_id`)
    REFERENCES `sosunb`.`category` (`id`)
    ON DELETE NO ACTION
    ON UPDATE NO ACTION)
ENGINE = InnoDB;


-- -----------------------------------------------------
-- Table `sosunb`.`campus`
-- -----------------------------------------------------
CREATE TABLE IF NOT EXISTS `sosunb`.`campus` (
  `id` INT NOT NULL AUTO_INCREMENT,
  `campus` VARCHAR(50) NULL,
  `excluded` INT NULL DEFAULT 0,
  PRIMARY KEY (`id`))
ENGINE = InnoDB;


-- -----------------------------------------------------
-- Table `sosunb`.`local`
-- -----------------------------------------------------
CREATE TABLE IF NOT EXISTS `sosunb`.`local` (
  `id` INT NOT NULL AUTO_INCREMENT,
  `local` VARCHAR(100) NULL,
  `campus_id` INT NOT NULL,
  `excluded` INT NULL DEFAULT 0,
  PRIMARY KEY (`id`),
  INDEX `fk_local_campus1_idx` (`campus_id` ASC),
  CONSTRAINT `fk_local_campus1`
    FOREIGN KEY (`campus_id`)
    REFERENCES `sosunb`.`campus` (`id`)
    ON DELETE NO ACTION
    ON UPDATE NO ACTION)
ENGINE = InnoDB;


-- -----------------------------------------------------
-- Table `sosunb`.`area`
-- -----------------------------------------------------
CREATE TABLE IF NOT EXISTS `sosunb`.`area` (
  `id` INT NOT NULL AUTO_INCREMENT,
  `area` VARCHAR(50) NULL,
  `excluded` INT NULL DEFAULT 0,
  PRIMARY KEY (`id`))
ENGINE = InnoDB;


-- -----------------------------------------------------
-- Table `sosunb`.`environment`
-- -----------------------------------------------------
CREATE TABLE IF NOT EXISTS `sosunb`.`environment` (
  `id` INT NOT NULL AUTO_INCREMENT,
  `environment` VARCHAR(100) NULL,
  `area_id` INT NOT NULL,
  `excluded` INT NULL DEFAULT 0,
  PRIMARY KEY (`id`),
  INDEX `fk_environment_area1_idx` (`area_id` ASC),
  CONSTRAINT `fk_environment_area1`
    FOREIGN KEY (`area_id`)
    REFERENCES `sosunb`.`area` (`id`)
    ON DELETE NO ACTION
    ON UPDATE NO ACTION)
ENGINE = InnoDB;


-- -----------------------------------------------------
-- Table `sosunb`.`demands`
-- -----------------------------------------------------
CREATE TABLE IF NOT EXISTS `sosunb`.`demands` (
  `id` INT NOT NULL AUTO_INCREMENT,
  `image` VARCHAR(100) NULL DEFAULT 'default.jpg',
  `title` VARCHAR(50) NULL,
  `description` TEXT NULL,
  `created_date` DATETIME NULL DEFAULT CURRENT_TIMESTAMP,
  `excluded` INT NULL DEFAULT 0,
  `status_id` INT NOT NULL DEFAULT 1,
  `type_demand_id` INT NOT NULL,
  `type_problems_id` INT NOT NULL,
  `users_id` INT NOT NULL,
  `local_id` INT NULL DEFAULT NULL,
  `environment_id` INT NOT NULL,
  `campus_id` INT NOT NULL,
  `counter` INT NULL DEFAULT 0,
  `resolved` INT NULL DEFAULT 0,
  PRIMARY KEY (`id`),
  INDEX `fk_demands_status1_idx` (`status_id` ASC),
  INDEX `fk_demands_type_demand1_idx` (`type_demand_id` ASC),
  INDEX `fk_demands_type_problems1_idx` (`type_problems_id` ASC),
  INDEX `fk_demands_users1_idx` (`users_id` ASC),
  INDEX `fk_demands_local1_idx` (`local_id` ASC),
  INDEX `fk_demands_environment1_idx` (`environment_id` ASC),
  INDEX `fk_demands_campus1_idx` (`campus_id` ASC),
  CONSTRAINT `fk_demands_status1`
    FOREIGN KEY (`status_id`)
    REFERENCES `sosunb`.`status` (`id`)
    ON DELETE NO ACTION
    ON UPDATE NO ACTION,
  CONSTRAINT `fk_demands_type_demand1`
    FOREIGN KEY (`type_demand_id`)
    REFERENCES `sosunb`.`type_demand` (`id`)
    ON DELETE NO ACTION
    ON UPDATE NO ACTION,
  CONSTRAINT `fk_demands_type_problems1`
    FOREIGN KEY (`type_problems_id`)
    REFERENCES `sosunb`.`type_problems` (`id`)
    ON DELETE NO ACTION
    ON UPDATE NO ACTION,
  CONSTRAINT `fk_demands_users1`
    FOREIGN KEY (`users_id`)
    REFERENCES `sosunb`.`users` (`id`)
    ON DELETE NO ACTION
    ON UPDATE NO ACTION,
  CONSTRAINT `fk_demands_local1`
    FOREIGN KEY (`local_id`)
    REFERENCES `sosunb`.`local` (`id`)
    ON DELETE NO ACTION
    ON UPDATE NO ACTION,
  CONSTRAINT `fk_demands_environment1`
    FOREIGN KEY (`environment_id`)
    REFERENCES `sosunb`.`environment` (`id`)
    ON DELETE NO ACTION
    ON UPDATE NO ACTION,
  CONSTRAINT `fk_demands_campus1`
    FOREIGN KEY (`campus_id`)
    REFERENCES `sosunb`.`campus` (`id`)
    ON DELETE NO ACTION
    ON UPDATE NO ACTION)
ENGINE = InnoDB;


-- -----------------------------------------------------
-- Table `sosunb`.`comments`
-- -----------------------------------------------------
CREATE TABLE IF NOT EXISTS `sosunb`.`comments` (
  `id` INT NOT NULL AUTO_INCREMENT,
  `comment` TEXT NULL,
  `data` DATETIME NULL DEFAULT CURRENT_TIMESTAMP,
  `users_id` INT NOT NULL,
  `demands_id` INT NOT NULL,
  PRIMARY KEY (`id`),
  INDEX `fk_coments_users1_idx` (`users_id` ASC),
  INDEX `fk_coments_demands1_idx` (`demands_id` ASC),
  CONSTRAINT `fk_coments_users1`
    FOREIGN KEY (`users_id`)
    REFERENCES `sosunb`.`users` (`id`)
    ON DELETE NO ACTION
    ON UPDATE NO ACTION,
  CONSTRAINT `fk_coments_demands1`
    FOREIGN KEY (`demands_id`)
    REFERENCES `sosunb`.`demands` (`id`)
    ON DELETE CASCADE
    ON UPDATE NO ACTION)
ENGINE = InnoDB;


-- -----------------------------------------------------
-- Table `sosunb`.`likes`
-- -----------------------------------------------------
CREATE TABLE IF NOT EXISTS `sosunb`.`likes` (
  `id` INT NOT NULL AUTO_INCREMENT,
  `date` DATETIME NULL DEFAULT CURRENT_TIMESTAMP,
  `users_id` INT NOT NULL,
  `demands_id` INT NOT NULL,
  PRIMARY KEY (`id`),
  INDEX `fk_likes_users1_idx` (`users_id` ASC),
  INDEX `fk_likes_demands1_idx` (`demands_id` ASC),
  CONSTRAINT `fk_likes_users1`
    FOREIGN KEY (`users_id`)
    REFERENCES `sosunb`.`users` (`id`)
    ON DELETE NO ACTION
    ON UPDATE NO ACTION,
  CONSTRAINT `fk_likes_demands1`
    FOREIGN KEY (`demands_id`)
    REFERENCES `sosunb`.`demands` (`id`)
    ON DELETE CASCADE
    ON UPDATE NO ACTION)
ENGINE = InnoDB;


-- -----------------------------------------------------
-- Table `sosunb`.`answers`
-- -----------------------------------------------------
CREATE TABLE IF NOT EXISTS `sosunb`.`answers` (
  `id` INT NOT NULL AUTO_INCREMENT,
  `data` DATETIME NULL DEFAULT CURRENT_TIMESTAMP,
  `comment` VARCHAR(45) NULL,
  `previous_status` INT NULL,
  `current_status` INT NULL,
  `demands_id` INT NOT NULL,
  `users_id` INT NOT NULL,
  PRIMARY KEY (`id`),
  INDEX `fk_respostas_demandas_demands1_idx` (`demands_id` ASC),
  INDEX `fk_respostas_demandas_users1_idx` (`users_id` ASC),
  CONSTRAINT `fk_respostas_demandas_demands1`
    FOREIGN KEY (`demands_id`)
    REFERENCES `sosunb`.`demands` (`id`)
    ON DELETE CASCADE
    ON UPDATE NO ACTION,
  CONSTRAINT `fk_respostas_demandas_users1`
    FOREIGN KEY (`users_id`)
    REFERENCES `sosunb`.`users` (`id`)
    ON DELETE NO ACTION
    ON UPDATE NO ACTION)
ENGINE = InnoDB;


-- -----------------------------------------------------
-- Table `sosunb`.`recover`
-- -----------------------------------------------------
CREATE TABLE IF NOT EXISTS `sosunb`.`recover` (
  `id` INT NOT NULL AUTO_INCREMENT,
  `token` VARCHAR(255) NULL,
  `expiration_date` DATETIME NULL,
  `email` VARCHAR(100) NULL,
  PRIMARY KEY (`id`))
ENGINE = InnoDB;


-- -----------------------------------------------------
-- Table `sosunb`.`users_excluded`
-- -----------------------------------------------------
CREATE TABLE IF NOT EXISTS `sosunb`.`users_excluded` (
  `id` INT NOT NULL AUTO_INCREMENT,
  `name` VARCHAR(100) NULL,
  `registry` VARCHAR(20) NULL,
  `identity` VARCHAR(20) NULL,
  `date_birth` DATE NULL,
  `image_profile` VARCHAR(50) NULL DEFAULT 'default.png',
  `email` VARCHAR(100) NULL,
  `password` VARCHAR(255) NULL,
  `register_date` DATETIME NULL DEFAULT CURRENT_TIMESTAMP,
  `excluded` INT NULL DEFAULT 0,
  `profile_type_id` INT NOT NULL,
  `users_id` INT NOT NULL,
  `date_excluded` DATETIME NULL DEFAULT CURRENT_TIMESTAMP,
  PRIMARY KEY (`id`),
  INDEX `fk_users_profile_type1_idx` (`profile_type_id` ASC),
  INDEX `fk_users_excluded_users1_idx` (`users_id` ASC),
  CONSTRAINT `fk_users_profile_type10`
    FOREIGN KEY (`profile_type_id`)
    REFERENCES `sosunb`.`profile_type` (`id`)
    ON DELETE NO ACTION
    ON UPDATE NO ACTION,
  CONSTRAINT `fk_users_excluded_users1`
    FOREIGN KEY (`users_id`)
    REFERENCES `sosunb`.`users` (`id`)
    ON DELETE NO ACTION
    ON UPDATE NO ACTION)
ENGINE = InnoDB;


-- -----------------------------------------------------
-- Table `sosunb`.`report_historic`
-- -----------------------------------------------------
CREATE TABLE IF NOT EXISTS `sosunb`.`report_historic` (
  `id` INT NOT NULL AUTO_INCREMENT,
  `date` DATETIME NULL DEFAULT CURRENT_TIMESTAMP,
  `demands_id` INT NOT NULL,
  `users_id` INT NOT NULL,
  PRIMARY KEY (`id`),
  INDEX `fk_report_historic_demands1_idx` (`demands_id` ASC),
  INDEX `fk_report_historic_users1_idx` (`users_id` ASC),
  CONSTRAINT `fk_report_historic_demands1`
    FOREIGN KEY (`demands_id`)
    REFERENCES `sosunb`.`demands` (`id`)
    ON DELETE NO ACTION
    ON UPDATE NO ACTION,
  CONSTRAINT `fk_report_historic_users1`
    FOREIGN KEY (`users_id`)
    REFERENCES `sosunb`.`users` (`id`)
    ON DELETE NO ACTION
    ON UPDATE NO ACTION)
ENGINE = InnoDB;


SET SQL_MODE=@OLD_SQL_MODE;
SET FOREIGN_KEY_CHECKS=@OLD_FOREIGN_KEY_CHECKS;
SET UNIQUE_CHECKS=@OLD_UNIQUE_CHECKS;

-- -----------------------------------------------------
-- Data for table `sosunb`.`profile_type`
-- -----------------------------------------------------
START TRANSACTION;
USE `sosunb`;
INSERT INTO `sosunb`.`profile_type` (`id`, `type`, `excluded`) VALUES (1, 'Usuário', 0);
INSERT INTO `sosunb`.`profile_type` (`id`, `type`, `excluded`) VALUES (2, 'Administrador', 0);
INSERT INTO `sosunb`.`profile_type` (`id`, `type`, `excluded`) VALUES (3, 'Gestor', 0);

COMMIT;


-- -----------------------------------------------------
-- Data for table `sosunb`.`users`
-- -----------------------------------------------------
START TRANSACTION;
USE `sosunb`;
INSERT INTO `sosunb`.`users` (`id`, `name`, `registry`, `identity`, `date_birth`, `image_profile`, `email`, `password`, `register_date`, `excluded`, `profile_type_id`) VALUES (1, 'User 1', '1601418181', '17331073', '1991-12-19', 'default.png', 'user1@gmail.com', '$2y$10$tNjy6tbwbc9zlFsgPD7KLuuaqG4O1eruXXKYdU5I0XpXE1kkrkwTO', '2018-11-11 10:44:35', 0, 2);
INSERT INTO `sosunb`.`users` (`id`, `name`, `registry`, `identity`, `date_birth`, `image_profile`, `email`, `password`, `register_date`, `excluded`, `profile_type_id`) VALUES (2, 'User 2', '1601418181', '17331073', '1991-12-20', 'default.png', 'user2@gmail.com', '$2y$10$tNjy6tbwbc9zlFsgPD7KLuuaqG4O1eruXXKYdU5I0XpXE1kkrkwTO', '2018-11-10 10:44:35', 0, 2);
INSERT INTO `sosunb`.`users` (`id`, `name`, `registry`, `identity`, `date_birth`, `image_profile`, `email`, `password`, `register_date`, `excluded`, `profile_type_id`) VALUES (3, 'User 3', '1601418181', '17331073', '1991-12-21', 'default.png', 'user3@gmail.com', '$2y$10$tNjy6tbwbc9zlFsgPD7KLuuaqG4O1eruXXKYdU5I0XpXE1kkrkwTO', '2018-11-09 10:44:35', 0, 1);
INSERT INTO `sosunb`.`users` (`id`, `name`, `registry`, `identity`, `date_birth`, `image_profile`, `email`, `password`, `register_date`, `excluded`, `profile_type_id`) VALUES (4, 'User 4', '1601418181', '17331073', '1991-12-22', 'default.png', 'user4@gmail.com', '$2y$10$tNjy6tbwbc9zlFsgPD7KLuuaqG4O1eruXXKYdU5I0XpXE1kkrkwTO', '2018-11-08 10:44:35', 0, 1);
INSERT INTO `sosunb`.`users` (`id`, `name`, `registry`, `identity`, `date_birth`, `image_profile`, `email`, `password`, `register_date`, `excluded`, `profile_type_id`) VALUES (5, 'User 5', '1601418181', '17331073', '1991-12-23', 'default.png', 'user5@gmail.com', '$2y$10$tNjy6tbwbc9zlFsgPD7KLuuaqG4O1eruXXKYdU5I0XpXE1kkrkwTO', '2018-11-07 10:44:35', 0, 1);
INSERT INTO `sosunb`.`users` (`id`, `name`, `registry`, `identity`, `date_birth`, `image_profile`, `email`, `password`, `register_date`, `excluded`, `profile_type_id`) VALUES (6, 'User 6', '1601418181', '17331073', '1991-12-24', 'default.png', 'user6@gmail.com', '$2y$10$tNjy6tbwbc9zlFsgPD7KLuuaqG4O1eruXXKYdU5I0XpXE1kkrkwTO', '2018-11-06 10:44:35', 0, 1);
INSERT INTO `sosunb`.`users` (`id`, `name`, `registry`, `identity`, `date_birth`, `image_profile`, `email`, `password`, `register_date`, `excluded`, `profile_type_id`) VALUES (7, 'User 7', '1601418181', '17331073', '1991-12-25', 'default.png', 'user7@gmail.com', '$2y$10$tNjy6tbwbc9zlFsgPD7KLuuaqG4O1eruXXKYdU5I0XpXE1kkrkwTO', '2018-11-05 10:44:35', 0, 1);
INSERT INTO `sosunb`.`users` (`id`, `name`, `registry`, `identity`, `date_birth`, `image_profile`, `email`, `password`, `register_date`, `excluded`, `profile_type_id`) VALUES (8, 'User 8', '1601418181', '17331073', '1991-12-26', 'default.png', 'user8@gmail.com', '$2y$10$tNjy6tbwbc9zlFsgPD7KLuuaqG4O1eruXXKYdU5I0XpXE1kkrkwTO', '2018-11-04 10:44:35', 0, 1);
INSERT INTO `sosunb`.`users` (`id`, `name`, `registry`, `identity`, `date_birth`, `image_profile`, `email`, `password`, `register_date`, `excluded`, `profile_type_id`) VALUES (9, 'User 9', '1601418181', '17331073', '1991-12-27', 'default.png', 'user9@gmail.com', '$2y$10$tNjy6tbwbc9zlFsgPD7KLuuaqG4O1eruXXKYdU5I0XpXE1kkrkwTO', '2018-11-03 10:44:35', 0, 1);
INSERT INTO `sosunb`.`users` (`id`, `name`, `registry`, `identity`, `date_birth`, `image_profile`, `email`, `password`, `register_date`, `excluded`, `profile_type_id`) VALUES (10, 'User 10', '1601418181', '17331073', '1991-12-28', 'default.png', 'user10@gmail.com', '$2y$10$tNjy6tbwbc9zlFsgPD7KLuuaqG4O1eruXXKYdU5I0XpXE1kkrkwTO', '2018-11-02 10:44:35', 0, 1);
INSERT INTO `sosunb`.`users` (`id`, `name`, `registry`, `identity`, `date_birth`, `image_profile`, `email`, `password`, `register_date`, `excluded`, `profile_type_id`) VALUES (11, 'User 11', '1601418181', '17331073', '1991-12-29', 'default.png', 'user11@gmail.com', '$2y$10$tNjy6tbwbc9zlFsgPD7KLuuaqG4O1eruXXKYdU5I0XpXE1kkrkwTO', '2018-11-01 10:44:35', 0, 1);
INSERT INTO `sosunb`.`users` (`id`, `name`, `registry`, `identity`, `date_birth`, `image_profile`, `email`, `password`, `register_date`, `excluded`, `profile_type_id`) VALUES (12, 'User 12', '1601418181', '17331073', '1991-12-30', 'default.png', 'user12@gmail.com', '$2y$10$tNjy6tbwbc9zlFsgPD7KLuuaqG4O1eruXXKYdU5I0XpXE1kkrkwTO', '2018-10-31 10:44:35', 0, 1);
INSERT INTO `sosunb`.`users` (`id`, `name`, `registry`, `identity`, `date_birth`, `image_profile`, `email`, `password`, `register_date`, `excluded`, `profile_type_id`) VALUES (13, 'User 13', '1601418181', '17331073', '1991-12-31', 'default.png', 'user13@gmail.com', '$2y$10$tNjy6tbwbc9zlFsgPD7KLuuaqG4O1eruXXKYdU5I0XpXE1kkrkwTO', '2018-10-30 10:44:35', 0, 1);
INSERT INTO `sosunb`.`users` (`id`, `name`, `registry`, `identity`, `date_birth`, `image_profile`, `email`, `password`, `register_date`, `excluded`, `profile_type_id`) VALUES (14, 'User 14', '1601418181', '17331073', '1992-01-01', 'default.png', 'user14@gmail.com', '$2y$10$tNjy6tbwbc9zlFsgPD7KLuuaqG4O1eruXXKYdU5I0XpXE1kkrkwTO', '2018-10-29 10:44:35', 0, 1);
INSERT INTO `sosunb`.`users` (`id`, `name`, `registry`, `identity`, `date_birth`, `image_profile`, `email`, `password`, `register_date`, `excluded`, `profile_type_id`) VALUES (15, 'User 15', '1601418181', '17331073', '1992-01-02', 'default.png', 'user15@gmail.com', '$2y$10$tNjy6tbwbc9zlFsgPD7KLuuaqG4O1eruXXKYdU5I0XpXE1kkrkwTO', '2018-10-28 10:44:35', 0, 1);
INSERT INTO `sosunb`.`users` (`id`, `name`, `registry`, `identity`, `date_birth`, `image_profile`, `email`, `password`, `register_date`, `excluded`, `profile_type_id`) VALUES (16, 'User 16', '1601418181', '17331073', '1992-01-03', 'default.png', 'user16@gmail.com', '$2y$10$tNjy6tbwbc9zlFsgPD7KLuuaqG4O1eruXXKYdU5I0XpXE1kkrkwTO', '2018-10-27 10:44:35', 0, 1);
INSERT INTO `sosunb`.`users` (`id`, `name`, `registry`, `identity`, `date_birth`, `image_profile`, `email`, `password`, `register_date`, `excluded`, `profile_type_id`) VALUES (17, 'User 17', '1601418181', '17331073', '1992-01-04', 'default.png', 'user17@gmail.com', '$2y$10$tNjy6tbwbc9zlFsgPD7KLuuaqG4O1eruXXKYdU5I0XpXE1kkrkwTO', '2018-10-26 10:44:35', 0, 1);
INSERT INTO `sosunb`.`users` (`id`, `name`, `registry`, `identity`, `date_birth`, `image_profile`, `email`, `password`, `register_date`, `excluded`, `profile_type_id`) VALUES (18, 'User 18', '1601418181', '17331073', '1992-01-05', 'default.png', 'user18@gmail.com', '$2y$10$tNjy6tbwbc9zlFsgPD7KLuuaqG4O1eruXXKYdU5I0XpXE1kkrkwTO', '2018-10-25 10:44:35', 0, 1);
INSERT INTO `sosunb`.`users` (`id`, `name`, `registry`, `identity`, `date_birth`, `image_profile`, `email`, `password`, `register_date`, `excluded`, `profile_type_id`) VALUES (19, 'User 19', '1601418181', '17331073', '1992-01-06', 'default.png', 'user19@gmail.com', '$2y$10$tNjy6tbwbc9zlFsgPD7KLuuaqG4O1eruXXKYdU5I0XpXE1kkrkwTO', '2018-10-24 10:44:35', 0, 1);
INSERT INTO `sosunb`.`users` (`id`, `name`, `registry`, `identity`, `date_birth`, `image_profile`, `email`, `password`, `register_date`, `excluded`, `profile_type_id`) VALUES (20, 'User 20', '1601418181', '17331073', '1992-01-07', 'default.png', 'user20@gmail.com', '$2y$10$tNjy6tbwbc9zlFsgPD7KLuuaqG4O1eruXXKYdU5I0XpXE1kkrkwTO', '2018-10-23 10:44:35', 0, 1);

COMMIT;


-- -----------------------------------------------------
-- Data for table `sosunb`.`status`
-- -----------------------------------------------------
START TRANSACTION;
USE `sosunb`;
INSERT INTO `sosunb`.`status` (`id`, `name`, `excluded`) VALUES (1, 'Aberta', 0);
INSERT INTO `sosunb`.`status` (`id`, `name`, `excluded`) VALUES (2, 'Reclassificada', 0);
INSERT INTO `sosunb`.`status` (`id`, `name`, `excluded`) VALUES (3, 'Em Análise', 0);
INSERT INTO `sosunb`.`status` (`id`, `name`, `excluded`) VALUES (4, 'Resolvida', 0);
INSERT INTO `sosunb`.`status` (`id`, `name`, `excluded`) VALUES (5, 'Solução Inviável', 0);

COMMIT;


-- -----------------------------------------------------
-- Data for table `sosunb`.`type_demand`
-- -----------------------------------------------------
START TRANSACTION;
USE `sosunb`;
INSERT INTO `sosunb`.`type_demand` (`id`, `demands`, `excluded`) VALUES (1, 'Reclamação', 0);
INSERT INTO `sosunb`.`type_demand` (`id`, `demands`, `excluded`) VALUES (2, 'Sugestão', 0);

COMMIT;


-- -----------------------------------------------------
-- Data for table `sosunb`.`category`
-- -----------------------------------------------------
START TRANSACTION;
USE `sosunb`;
INSERT INTO `sosunb`.`category` (`id`, `category`, `excluded`) VALUES (1, 'Administração', 0);
INSERT INTO `sosunb`.`category` (`id`, `category`, `excluded`) VALUES (2, 'Serviços', 0);
INSERT INTO `sosunb`.`category` (`id`, `category`, `excluded`) VALUES (3, 'Segurança', 0);
INSERT INTO `sosunb`.`category` (`id`, `category`, `excluded`) VALUES (4, 'Manutenção Predial', 0);
INSERT INTO `sosunb`.`category` (`id`, `category`, `excluded`) VALUES (5, 'Tecnologia', 0);
INSERT INTO `sosunb`.`category` (`id`, `category`, `excluded`) VALUES (6, 'Manutenção de Equipamentos', 0);
INSERT INTO `sosunb`.`category` (`id`, `category`, `excluded`) VALUES (7, 'Elétrica', 0);
INSERT INTO `sosunb`.`category` (`id`, `category`, `excluded`) VALUES (8, 'Hidráulica', 0);

COMMIT;


-- -----------------------------------------------------
-- Data for table `sosunb`.`type_problems`
-- -----------------------------------------------------
START TRANSACTION;
USE `sosunb`;
INSERT INTO `sosunb`.`type_problems` (`id`, `type`, `category_id`, `excluded`) VALUES (1, 'Licitação e Compras de Materiais', 1, 0);
INSERT INTO `sosunb`.`type_problems` (`id`, `type`, `category_id`, `excluded`) VALUES (2, 'Jardim', 2, 0);
INSERT INTO `sosunb`.`type_problems` (`id`, `type`, `category_id`, `excluded`) VALUES (3, 'Entulho', 2, 0);
INSERT INTO `sosunb`.`type_problems` (`id`, `type`, `category_id`, `excluded`) VALUES (4, 'Lixo', 2, 0);
INSERT INTO `sosunb`.`type_problems` (`id`, `type`, `category_id`, `excluded`) VALUES (5, 'Dedetização', 2, 0);
INSERT INTO `sosunb`.`type_problems` (`id`, `type`, `category_id`, `excluded`) VALUES (6, 'Proteção de Patrimônio', 3, 0);
INSERT INTO `sosunb`.`type_problems` (`id`, `type`, `category_id`, `excluded`) VALUES (7, 'Proteção da Comunidade', 3, 0);
INSERT INTO `sosunb`.`type_problems` (`id`, `type`, `category_id`, `excluded`) VALUES (8, 'Proteção Predial', 3, 0);
INSERT INTO `sosunb`.`type_problems` (`id`, `type`, `category_id`, `excluded`) VALUES (9, 'Alvenaria', 4, 0);
INSERT INTO `sosunb`.`type_problems` (`id`, `type`, `category_id`, `excluded`) VALUES (10, 'Obra/Reforma Civil', 4, 0);
INSERT INTO `sosunb`.`type_problems` (`id`, `type`, `category_id`, `excluded`) VALUES (11, 'Projetos', 4, 0);
INSERT INTO `sosunb`.`type_problems` (`id`, `type`, `category_id`, `excluded`) VALUES (12, 'Marcenaria', 4, 0);
INSERT INTO `sosunb`.`type_problems` (`id`, `type`, `category_id`, `excluded`) VALUES (13, 'Serralheria', 4, 0);
INSERT INTO `sosunb`.`type_problems` (`id`, `type`, `category_id`, `excluded`) VALUES (14, 'Pintura', 4, 0);
INSERT INTO `sosunb`.`type_problems` (`id`, `type`, `category_id`, `excluded`) VALUES (15, 'Telefonia', 5, 0);
INSERT INTO `sosunb`.`type_problems` (`id`, `type`, `category_id`, `excluded`) VALUES (16, 'Rede', 5, 0);
INSERT INTO `sosunb`.`type_problems` (`id`, `type`, `category_id`, `excluded`) VALUES (17, 'Software', 5, 0);
INSERT INTO `sosunb`.`type_problems` (`id`, `type`, `category_id`, `excluded`) VALUES (18, 'Computadores', 6, 0);
INSERT INTO `sosunb`.`type_problems` (`id`, `type`, `category_id`, `excluded`) VALUES (19, 'Ar-condicionado', 6, 0);
INSERT INTO `sosunb`.`type_problems` (`id`, `type`, `category_id`, `excluded`) VALUES (20, 'Roteadores', 6, 0);
INSERT INTO `sosunb`.`type_problems` (`id`, `type`, `category_id`, `excluded`) VALUES (21, 'Projetores', 6, 0);
INSERT INTO `sosunb`.`type_problems` (`id`, `type`, `category_id`, `excluded`) VALUES (22, 'Fiação Elétrica', 7, 0);
INSERT INTO `sosunb`.`type_problems` (`id`, `type`, `category_id`, `excluded`) VALUES (23, 'Lâmpadas', 7, 0);
INSERT INTO `sosunb`.`type_problems` (`id`, `type`, `category_id`, `excluded`) VALUES (24, 'Tomadas', 7, 0);
INSERT INTO `sosunb`.`type_problems` (`id`, `type`, `category_id`, `excluded`) VALUES (25, 'Vazamento de Água', 8, 0);
INSERT INTO `sosunb`.`type_problems` (`id`, `type`, `category_id`, `excluded`) VALUES (26, 'Descargas Sanitárias', 8, 0);
INSERT INTO `sosunb`.`type_problems` (`id`, `type`, `category_id`, `excluded`) VALUES (27, 'Entupimento de Vaso', 8, 0);
INSERT INTO `sosunb`.`type_problems` (`id`, `type`, `category_id`, `excluded`) VALUES (28, 'Tubulação', 8, 0);

COMMIT;


-- -----------------------------------------------------
-- Data for table `sosunb`.`campus`
-- -----------------------------------------------------
START TRANSACTION;
USE `sosunb`;
INSERT INTO `sosunb`.`campus` (`id`, `campus`, `excluded`) VALUES (1, 'Ceilândia', 0);
INSERT INTO `sosunb`.`campus` (`id`, `campus`, `excluded`) VALUES (2, 'Darcy', 0);
INSERT INTO `sosunb`.`campus` (`id`, `campus`, `excluded`) VALUES (3, 'Gama', 0);
INSERT INTO `sosunb`.`campus` (`id`, `campus`, `excluded`) VALUES (4, 'Planaltina', 0);

COMMIT;


-- -----------------------------------------------------
-- Data for table `sosunb`.`local`
-- -----------------------------------------------------
START TRANSACTION;
USE `sosunb`;
INSERT INTO `sosunb`.`local` (`id`, `local`, `campus_id`, `excluded`) VALUES (1, 'Amarelinho', 1, 0);
INSERT INTO `sosunb`.`local` (`id`, `local`, `campus_id`, `excluded`) VALUES (2, 'Centro de Ensino Médio 4 ', 1, 0);
INSERT INTO `sosunb`.`local` (`id`, `local`, `campus_id`, `excluded`) VALUES (3, 'Faculdade da Ceilândia', 1, 0);
INSERT INTO `sosunb`.`local` (`id`, `local`, `campus_id`, `excluded`) VALUES (4, 'Módulo de Serviços e Equipamentos Esportivos', 1, 0);
INSERT INTO `sosunb`.`local` (`id`, `local`, `campus_id`, `excluded`) VALUES (5, 'UED – Unidade de Ensino e Docência', 1, 0);
INSERT INTO `sosunb`.`local` (`id`, `local`, `campus_id`, `excluded`) VALUES (6, 'Unidade Acadêmica – UAC', 1, 0);
INSERT INTO `sosunb`.`local` (`id`, `local`, `campus_id`, `excluded`) VALUES (7, 'Amarelinho ', 2, 0);
INSERT INTO `sosunb`.`local` (`id`, `local`, `campus_id`, `excluded`) VALUES (8, 'Biblioteca Central', 2, 0);
INSERT INTO `sosunb`.`local` (`id`, `local`, `campus_id`, `excluded`) VALUES (9, 'Biotério Central da UnB (Faculdade de Agronomia)', 2, 0);
INSERT INTO `sosunb`.`local` (`id`, `local`, `campus_id`, `excluded`) VALUES (10, 'Bloco de Salas de Aula Norte', 2, 0);
INSERT INTO `sosunb`.`local` (`id`, `local`, `campus_id`, `excluded`) VALUES (11, 'Bloco de Salas de Aula Sul', 2, 0);
INSERT INTO `sosunb`.`local` (`id`, `local`, `campus_id`, `excluded`) VALUES (12, 'Bloco de Salas Eudoro de Souza ', 2, 0);
INSERT INTO `sosunb`.`local` (`id`, `local`, `campus_id`, `excluded`) VALUES (13, 'Centro Brasileiro de Serviços e Pesquisas em Proteínas (CBSP)', 2, 0);
INSERT INTO `sosunb`.`local` (`id`, `local`, `campus_id`, `excluded`) VALUES (14, 'Centro Comunitário Athos Bulcão', 2, 0);
INSERT INTO `sosunb`.`local` (`id`, `local`, `campus_id`, `excluded`) VALUES (15, 'Centro de Apoio ao Desenvolvimento Tecnológico (CTD', 2, 0);
INSERT INTO `sosunb`.`local` (`id`, `local`, `campus_id`, `excluded`) VALUES (16, 'Centro de Aquicultura Sustentável (da Faculdade de Agronomia)', 2, 0);
INSERT INTO `sosunb`.`local` (`id`, `local`, `campus_id`, `excluded`) VALUES (17, 'Centro de Atendimento e Estudos Psicológicos (CAEP)', 2, 0);
INSERT INTO `sosunb`.`local` (`id`, `local`, `campus_id`, `excluded`) VALUES (18, 'Centro de Biotecnologia Molecular (C-BIOTECH)', 2, 0);
INSERT INTO `sosunb`.`local` (`id`, `local`, `campus_id`, `excluded`) VALUES (19, 'Centro de Câncer Bucal do DF/HUB (CCBDF)', 2, 0);
INSERT INTO `sosunb`.`local` (`id`, `local`, `campus_id`, `excluded`) VALUES (20, 'Centro de Cartografia Aplicada e Informação Geográfica (CIGA)', 2, 0);
INSERT INTO `sosunb`.`local` (`id`, `local`, `campus_id`, `excluded`) VALUES (21, 'Centro de Conveniência Negra (CCN)', 2, 0);
INSERT INTO `sosunb`.`local` (`id`, `local`, `campus_id`, `excluded`) VALUES (22, 'Centro de Desenvolvimento de Estudos do Esporte e do Lazer (CEDES)', 2, 0);
INSERT INTO `sosunb`.`local` (`id`, `local`, `campus_id`, `excluded`) VALUES (23, 'Centro de Desenvolvimento Sustentável (CDS)', 2, 0);
INSERT INTO `sosunb`.`local` (`id`, `local`, `campus_id`, `excluded`) VALUES (24, 'Centro de Documentação Edgard Graeff (CEDIARTE)', 2, 0);
INSERT INTO `sosunb`.`local` (`id`, `local`, `campus_id`, `excluded`) VALUES (25, 'Centro de Educação à Distância (CDE)', 2, 0);
INSERT INTO `sosunb`.`local` (`id`, `local`, `campus_id`, `excluded`) VALUES (26, 'Centro de Estudos Avançados de Governo e Administração Pública (CEAG)', 2, 0);
INSERT INTO `sosunb`.`local` (`id`, `local`, `campus_id`, `excluded`) VALUES (27, 'Centro de Estudos Avançados Multidisciplinares (CEAM)', 2, 0);
INSERT INTO `sosunb`.`local` (`id`, `local`, `campus_id`, `excluded`) VALUES (28, 'Centro de Estudos do cerrado da Chapada dos Veadeiros (UnB Cerrado)', 2, 0);
INSERT INTO `sosunb`.`local` (`id`, `local`, `campus_id`, `excluded`) VALUES (29, 'Centro de Estudos em Regulação de Mercado (CERME)', 2, 0);
INSERT INTO `sosunb`.`local` (`id`, `local`, `campus_id`, `excluded`) VALUES (30, 'Centro de Excelência em Turismo (CET)', 2, 0);
INSERT INTO `sosunb`.`local` (`id`, `local`, `campus_id`, `excluded`) VALUES (31, 'Centro de Informática (CPD)', 2, 0);
INSERT INTO `sosunb`.`local` (`id`, `local`, `campus_id`, `excluded`) VALUES (32, 'Centro de Investigação em Economia e Finanças (CIEF)', 2, 0);
INSERT INTO `sosunb`.`local` (`id`, `local`, `campus_id`, `excluded`) VALUES (33, 'Centro de Medicina do Idoso (CMI)', 2, 0);
INSERT INTO `sosunb`.`local` (`id`, `local`, `campus_id`, `excluded`) VALUES (34, 'Centro de Nanociência e Nanobiotecnologia (CNANO)', 2, 0);
INSERT INTO `sosunb`.`local` (`id`, `local`, `campus_id`, `excluded`) VALUES (35, 'Centro de Pesquisa e Aplicação de Bambu e Fibras Naturais (CPAB)', 2, 0);
INSERT INTO `sosunb`.`local` (`id`, `local`, `campus_id`, `excluded`) VALUES (36, 'Centro de Pesquisa em Arquitetura e Informação (CPAI)', 2, 0);
INSERT INTO `sosunb`.`local` (`id`, `local`, `campus_id`, `excluded`) VALUES (37, 'Centro de Pesquisa em Gestão, Inovação e Sustentabilidade (CPGIS)', 2, 0);
INSERT INTO `sosunb`.`local` (`id`, `local`, `campus_id`, `excluded`) VALUES (38, 'Centro de Pesquisas de Opinião Pública da Universidade de Brasília (DATA UnB)', 2, 0);
INSERT INTO `sosunb`.`local` (`id`, `local`, `campus_id`, `excluded`) VALUES (39, 'Centro de Planejamento (Ceplan)', 2, 0);
INSERT INTO `sosunb`.`local` (`id`, `local`, `campus_id`, `excluded`) VALUES (40, 'Centro de Primatologia', 2, 0);
INSERT INTO `sosunb`.`local` (`id`, `local`, `campus_id`, `excluded`) VALUES (41, 'Centro de Primatologia', 2, 0);
INSERT INTO `sosunb`.`local` (`id`, `local`, `campus_id`, `excluded`) VALUES (42, 'Centro de Produção Cultural e Educativa (CPCE)', 2, 0);
INSERT INTO `sosunb`.`local` (`id`, `local`, `campus_id`, `excluded`) VALUES (43, 'Centro de Referência em Conservação da Natureza e Recuperação de Áreas Degradadas CRAD)', 2, 0);
INSERT INTO `sosunb`.`local` (`id`, `local`, `campus_id`, `excluded`) VALUES (44, 'Centro de Seleção e de Promoção de Eventos (Cespe) - Atual Cebraspe', 2, 0);
INSERT INTO `sosunb`.`local` (`id`, `local`, `campus_id`, `excluded`) VALUES (45, 'Centro Integrado de Ordenamento Territorial (CIORD)', 2, 0);
INSERT INTO `sosunb`.`local` (`id`, `local`, `campus_id`, `excluded`) VALUES (46, 'Centro Interdisciplinar de Estudos em Transportes (CEFTRUu)', 2, 0);
INSERT INTO `sosunb`.`local` (`id`, `local`, `campus_id`, `excluded`) VALUES (47, 'Centro Interdisciplinar de Formação Continuada (INTERFOCO)', 2, 0);
INSERT INTO `sosunb`.`local` (`id`, `local`, `campus_id`, `excluded`) VALUES (48, 'Centro Internacional de Física da Matéria Condensada (CIFMC) – Instituto de Física.', 2, 0);
INSERT INTO `sosunb`.`local` (`id`, `local`, `campus_id`, `excluded`) VALUES (49, 'Centro Olímpico', 2, 0);
INSERT INTO `sosunb`.`local` (`id`, `local`, `campus_id`, `excluded`) VALUES (50, 'Ciência de Computação e Estatística', 2, 0);
INSERT INTO `sosunb`.`local` (`id`, `local`, `campus_id`, `excluded`) VALUES (51, 'Casa da Cultura da América Latina', 2, 0);
INSERT INTO `sosunb`.`local` (`id`, `local`, `campus_id`, `excluded`) VALUES (52, 'Faculdade de Agronomia e Medicina Veterinária', 2, 0);
INSERT INTO `sosunb`.`local` (`id`, `local`, `campus_id`, `excluded`) VALUES (53, 'Faculdade de Arquitetura e Urbanismo', 2, 0);
INSERT INTO `sosunb`.`local` (`id`, `local`, `campus_id`, `excluded`) VALUES (54, 'Faculdade de Ciência da Informação', 2, 0);
INSERT INTO `sosunb`.`local` (`id`, `local`, `campus_id`, `excluded`) VALUES (55, 'Faculdade de Ciências da Saúde', 2, 0);
INSERT INTO `sosunb`.`local` (`id`, `local`, `campus_id`, `excluded`) VALUES (56, 'Faculdade de Comunicação', 2, 0);
INSERT INTO `sosunb`.`local` (`id`, `local`, `campus_id`, `excluded`) VALUES (57, 'Faculdade de Direito', 2, 0);
INSERT INTO `sosunb`.`local` (`id`, `local`, `campus_id`, `excluded`) VALUES (58, 'Faculdade de Economia, Administração, Contabilidade e Gestão de Políticas Públicas', 2, 0);
INSERT INTO `sosunb`.`local` (`id`, `local`, `campus_id`, `excluded`) VALUES (59, 'Faculdade de Educação', 2, 0);
INSERT INTO `sosunb`.`local` (`id`, `local`, `campus_id`, `excluded`) VALUES (60, 'Faculdade de Educação Física', 2, 0);
INSERT INTO `sosunb`.`local` (`id`, `local`, `campus_id`, `excluded`) VALUES (61, 'Faculdade de Medicina', 2, 0);
INSERT INTO `sosunb`.`local` (`id`, `local`, `campus_id`, `excluded`) VALUES (62, 'Faculdade de Tecnologia', 2, 0);
INSERT INTO `sosunb`.`local` (`id`, `local`, `campus_id`, `excluded`) VALUES (63, 'Fazenda Água Limpa', 2, 0);
INSERT INTO `sosunb`.`local` (`id`, `local`, `campus_id`, `excluded`) VALUES (64, 'Hospital Universitário', 2, 0);
INSERT INTO `sosunb`.`local` (`id`, `local`, `campus_id`, `excluded`) VALUES (65, 'Hospital Veterinário de Grandes Animais (Granja do Torto – Faculdade de Agronomia)', 2, 0);
INSERT INTO `sosunb`.`local` (`id`, `local`, `campus_id`, `excluded`) VALUES (66, 'Hospital Veterinário de Pequenos Animais', 2, 0);
INSERT INTO `sosunb`.`local` (`id`, `local`, `campus_id`, `excluded`) VALUES (67, 'ICC – CENTRO ', 2, 0);
INSERT INTO `sosunb`.`local` (`id`, `local`, `campus_id`, `excluded`) VALUES (68, 'ICC – NORTE ', 2, 0);
INSERT INTO `sosunb`.`local` (`id`, `local`, `campus_id`, `excluded`) VALUES (69, 'ICC – SUL', 2, 0);
INSERT INTO `sosunb`.`local` (`id`, `local`, `campus_id`, `excluded`) VALUES (70, 'Instituto de Artes', 2, 0);
INSERT INTO `sosunb`.`local` (`id`, `local`, `campus_id`, `excluded`) VALUES (71, 'Instituto de Ciência Política', 2, 0);
INSERT INTO `sosunb`.`local` (`id`, `local`, `campus_id`, `excluded`) VALUES (72, 'Instituto de Ciências Biológicas', 2, 0);
INSERT INTO `sosunb`.`local` (`id`, `local`, `campus_id`, `excluded`) VALUES (73, 'Instituto de Ciências Exatas (Sala BT 403)', 2, 0);
INSERT INTO `sosunb`.`local` (`id`, `local`, `campus_id`, `excluded`) VALUES (74, 'Instituto de Ciências Humanas – IH (Mezanino – B1 477)', 2, 0);
INSERT INTO `sosunb`.`local` (`id`, `local`, `campus_id`, `excluded`) VALUES (75, 'Instituto de Ciências Sociais', 2, 0);
INSERT INTO `sosunb`.`local` (`id`, `local`, `campus_id`, `excluded`) VALUES (76, 'Instituto de Física (Sala BT 297)', 2, 0);
INSERT INTO `sosunb`.`local` (`id`, `local`, `campus_id`, `excluded`) VALUES (77, 'Instituto de Geociências ', 2, 0);
INSERT INTO `sosunb`.`local` (`id`, `local`, `campus_id`, `excluded`) VALUES (78, 'Instituto de Letras', 2, 0);
INSERT INTO `sosunb`.`local` (`id`, `local`, `campus_id`, `excluded`) VALUES (79, 'Instituto de Psicologia', 2, 0);
INSERT INTO `sosunb`.`local` (`id`, `local`, `campus_id`, `excluded`) VALUES (80, 'Instituto de Química', 2, 0);
INSERT INTO `sosunb`.`local` (`id`, `local`, `campus_id`, `excluded`) VALUES (81, 'Instituto de Relações Internacionais', 2, 0);
INSERT INTO `sosunb`.`local` (`id`, `local`, `campus_id`, `excluded`) VALUES (82, 'Observatório Sismológico', 2, 0);
INSERT INTO `sosunb`.`local` (`id`, `local`, `campus_id`, `excluded`) VALUES (83, 'Ouvidoria da Universidade de Brasília', 2, 0);
INSERT INTO `sosunb`.`local` (`id`, `local`, `campus_id`, `excluded`) VALUES (84, 'Parque Científico e Tecnológico da UnB', 2, 0);
INSERT INTO `sosunb`.`local` (`id`, `local`, `campus_id`, `excluded`) VALUES (85, 'Pavilhão Anísio Teixeira', 2, 0);
INSERT INTO `sosunb`.`local` (`id`, `local`, `campus_id`, `excluded`) VALUES (86, 'Pavilhão João Calmon', 2, 0);
INSERT INTO `sosunb`.`local` (`id`, `local`, `campus_id`, `excluded`) VALUES (87, 'Prédio Multiuso 1', 2, 0);
INSERT INTO `sosunb`.`local` (`id`, `local`, `campus_id`, `excluded`) VALUES (88, 'Prédio Multiuso 2', 2, 0);
INSERT INTO `sosunb`.`local` (`id`, `local`, `campus_id`, `excluded`) VALUES (89, 'Prefeitura', 2, 0);
INSERT INTO `sosunb`.`local` (`id`, `local`, `campus_id`, `excluded`) VALUES (90, 'Procuradoria Jurídica', 2, 0);
INSERT INTO `sosunb`.`local` (`id`, `local`, `campus_id`, `excluded`) VALUES (91, 'Reitoria', 2, 0);
INSERT INTO `sosunb`.`local` (`id`, `local`, `campus_id`, `excluded`) VALUES (92, 'Restaurante Universitário – Darcy Ribeiro', 2, 0);
INSERT INTO `sosunb`.`local` (`id`, `local`, `campus_id`, `excluded`) VALUES (93, 'SIS (CENTRO) - OBSERVATÓRIO SISMOLÓGICO', 2, 0);
INSERT INTO `sosunb`.`local` (`id`, `local`, `campus_id`, `excluded`) VALUES (94, 'Amarelinho', 3, 0);
INSERT INTO `sosunb`.`local` (`id`, `local`, `campus_id`, `excluded`) VALUES (95, 'Faculdade do Gama', 3, 0);
INSERT INTO `sosunb`.`local` (`id`, `local`, `campus_id`, `excluded`) VALUES (96, 'Módulo de Serviços e Equipamentos Esportivos', 3, 0);
INSERT INTO `sosunb`.`local` (`id`, `local`, `campus_id`, `excluded`) VALUES (97, 'Rua dos Conteiners', 3, 0);
INSERT INTO `sosunb`.`local` (`id`, `local`, `campus_id`, `excluded`) VALUES (98, 'Unidade de Ensino e Docência', 3, 0);
INSERT INTO `sosunb`.`local` (`id`, `local`, `campus_id`, `excluded`) VALUES (99, 'Unidade Acadêmica – UAC', 3, 0);
INSERT INTO `sosunb`.`local` (`id`, `local`, `campus_id`, `excluded`) VALUES (100, 'Alojamento Dom Tomás Balduíno', 4, 0);
INSERT INTO `sosunb`.`local` (`id`, `local`, `campus_id`, `excluded`) VALUES (101, 'Amarelinho', 4, 0);
INSERT INTO `sosunb`.`local` (`id`, `local`, `campus_id`, `excluded`) VALUES (102, 'Faculdade de Planaltina', 4, 0);
INSERT INTO `sosunb`.`local` (`id`, `local`, `campus_id`, `excluded`) VALUES (103, 'Módulo de Serviços e Equipamentos Esportivos – MESP', 4, 0);
INSERT INTO `sosunb`.`local` (`id`, `local`, `campus_id`, `excluded`) VALUES (104, 'Unidade Acadêmica – UAC', 4, 0);
INSERT INTO `sosunb`.`local` (`id`, `local`, `campus_id`, `excluded`) VALUES (105, 'Unidade de Ensino e Pesquisa – UEP', 4, 0);

COMMIT;


-- -----------------------------------------------------
-- Data for table `sosunb`.`area`
-- -----------------------------------------------------
START TRANSACTION;
USE `sosunb`;
INSERT INTO `sosunb`.`area` (`id`, `area`, `excluded`) VALUES (1, 'Externo', 0);
INSERT INTO `sosunb`.`area` (`id`, `area`, `excluded`) VALUES (2, 'Interno', 0);

COMMIT;


-- -----------------------------------------------------
-- Data for table `sosunb`.`environment`
-- -----------------------------------------------------
START TRANSACTION;
USE `sosunb`;
INSERT INTO `sosunb`.`environment` (`id`, `environment`, `area_id`, `excluded`) VALUES (1, 'Alojamento', 2, 0);
INSERT INTO `sosunb`.`environment` (`id`, `environment`, `area_id`, `excluded`) VALUES (2, 'Auditório', 2, 0);
INSERT INTO `sosunb`.`environment` (`id`, `environment`, `area_id`, `excluded`) VALUES (3, 'Banheiros', 2, 0);
INSERT INTO `sosunb`.`environment` (`id`, `environment`, `area_id`, `excluded`) VALUES (4, 'Biblioteca', 2, 0);
INSERT INTO `sosunb`.`environment` (`id`, `environment`, `area_id`, `excluded`) VALUES (5, 'Centro Acadêmico', 2, 0);
INSERT INTO `sosunb`.`environment` (`id`, `environment`, `area_id`, `excluded`) VALUES (6, 'Copa', 2, 0);
INSERT INTO `sosunb`.`environment` (`id`, `environment`, `area_id`, `excluded`) VALUES (7, 'Direção', 2, 0);
INSERT INTO `sosunb`.`environment` (`id`, `environment`, `area_id`, `excluded`) VALUES (8, 'Elevador', 2, 0);
INSERT INTO `sosunb`.`environment` (`id`, `environment`, `area_id`, `excluded`) VALUES (9, 'Entrada', 2, 0);
INSERT INTO `sosunb`.`environment` (`id`, `environment`, `area_id`, `excluded`) VALUES (10, 'Escadas', 2, 0);
INSERT INTO `sosunb`.`environment` (`id`, `environment`, `area_id`, `excluded`) VALUES (11, 'Espaço de Convivência', 2, 0);
INSERT INTO `sosunb`.`environment` (`id`, `environment`, `area_id`, `excluded`) VALUES (12, 'Estúdio ', 2, 0);
INSERT INTO `sosunb`.`environment` (`id`, `environment`, `area_id`, `excluded`) VALUES (13, 'Laboratório', 2, 0);
INSERT INTO `sosunb`.`environment` (`id`, `environment`, `area_id`, `excluded`) VALUES (14, 'Lanchonete', 2, 0);
INSERT INTO `sosunb`.`environment` (`id`, `environment`, `area_id`, `excluded`) VALUES (15, 'Rampa', 2, 0);
INSERT INTO `sosunb`.`environment` (`id`, `environment`, `area_id`, `excluded`) VALUES (16, 'Sala de Apoio Técnico', 2, 0);
INSERT INTO `sosunb`.`environment` (`id`, `environment`, `area_id`, `excluded`) VALUES (17, 'Sala de Áudio Visual', 2, 0);
INSERT INTO `sosunb`.`environment` (`id`, `environment`, `area_id`, `excluded`) VALUES (18, 'Sala de Aula', 2, 0);
INSERT INTO `sosunb`.`environment` (`id`, `environment`, `area_id`, `excluded`) VALUES (19, 'Sala de Enfermagem', 2, 0);
INSERT INTO `sosunb`.`environment` (`id`, `environment`, `area_id`, `excluded`) VALUES (20, 'Sala de Estudo', 2, 0);
INSERT INTO `sosunb`.`environment` (`id`, `environment`, `area_id`, `excluded`) VALUES (21, 'Sala de Extensão', 2, 0);
INSERT INTO `sosunb`.`environment` (`id`, `environment`, `area_id`, `excluded`) VALUES (22, 'Sala de Informática', 2, 0);
INSERT INTO `sosunb`.`environment` (`id`, `environment`, `area_id`, `excluded`) VALUES (23, 'Sala de Leitura', 2, 0);
INSERT INTO `sosunb`.`environment` (`id`, `environment`, `area_id`, `excluded`) VALUES (24, 'Sala de Reprografia', 2, 0);
INSERT INTO `sosunb`.`environment` (`id`, `environment`, `area_id`, `excluded`) VALUES (25, 'Sala de Reuniões', 2, 0);
INSERT INTO `sosunb`.`environment` (`id`, `environment`, `area_id`, `excluded`) VALUES (26, 'Sala de Secretaria', 2, 0);
INSERT INTO `sosunb`.`environment` (`id`, `environment`, `area_id`, `excluded`) VALUES (27, 'Sala de Segurança', 2, 0);
INSERT INTO `sosunb`.`environment` (`id`, `environment`, `area_id`, `excluded`) VALUES (28, 'Sala de Transporte', 2, 0);
INSERT INTO `sosunb`.`environment` (`id`, `environment`, `area_id`, `excluded`) VALUES (29, 'Sala de Visionamento', 2, 0);
INSERT INTO `sosunb`.`environment` (`id`, `environment`, `area_id`, `excluded`) VALUES (30, 'Teatro de Arena', 2, 0);
INSERT INTO `sosunb`.`environment` (`id`, `environment`, `area_id`, `excluded`) VALUES (31, 'Vestiário', 2, 0);
INSERT INTO `sosunb`.`environment` (`id`, `environment`, `area_id`, `excluded`) VALUES (32, 'Calçada', 1, 0);
INSERT INTO `sosunb`.`environment` (`id`, `environment`, `area_id`, `excluded`) VALUES (33, 'Ciclovia', 1, 0);
INSERT INTO `sosunb`.`environment` (`id`, `environment`, `area_id`, `excluded`) VALUES (34, 'Estacionamento', 1, 0);
INSERT INTO `sosunb`.`environment` (`id`, `environment`, `area_id`, `excluded`) VALUES (35, 'Jardim', 1, 0);
INSERT INTO `sosunb`.`environment` (`id`, `environment`, `area_id`, `excluded`) VALUES (36, 'Pista', 1, 0);

COMMIT;


-- -----------------------------------------------------
-- Data for table `sosunb`.`demands`
-- -----------------------------------------------------
START TRANSACTION;
USE `sosunb`;
INSERT INTO `sosunb`.`demands` (`id`, `image`, `title`, `description`, `created_date`, `excluded`, `status_id`, `type_demand_id`, `type_problems_id`, `users_id`, `local_id`, `environment_id`, `campus_id`, `counter`, `resolved`) VALUES (1, 'default.jpg', 'Título 1', 'Descrião 1', '2018-10-30 00:00:00', 0, 1, 1, 1, 10, 1, 1, 1, 0, 0);
INSERT INTO `sosunb`.`demands` (`id`, `image`, `title`, `description`, `created_date`, `excluded`, `status_id`, `type_demand_id`, `type_problems_id`, `users_id`, `local_id`, `environment_id`, `campus_id`, `counter`, `resolved`) VALUES (2, 'default.jpg', 'Título 2', 'Descrião 2', '2018-10-29 00:00:00', 0, 2, 1, 2, 14, 5, 2, 2, 0, 0);
INSERT INTO `sosunb`.`demands` (`id`, `image`, `title`, `description`, `created_date`, `excluded`, `status_id`, `type_demand_id`, `type_problems_id`, `users_id`, `local_id`, `environment_id`, `campus_id`, `counter`, `resolved`) VALUES (3, 'default.jpg', 'Título 3', 'Descrião 3', '2018-10-28 00:00:00', 0, 3, 2, 3, 19, null, 36, 3, 0, 0);
INSERT INTO `sosunb`.`demands` (`id`, `image`, `title`, `description`, `created_date`, `excluded`, `status_id`, `type_demand_id`, `type_problems_id`, `users_id`, `local_id`, `environment_id`, `campus_id`, `counter`, `resolved`) VALUES (4, 'default.jpg', 'Título 4', 'Descrião 4', '2018-10-27 00:00:00', 0, 4, 1, 4, 2, 13, 4, 4, 0, 0);
INSERT INTO `sosunb`.`demands` (`id`, `image`, `title`, `description`, `created_date`, `excluded`, `status_id`, `type_demand_id`, `type_problems_id`, `users_id`, `local_id`, `environment_id`, `campus_id`, `counter`, `resolved`) VALUES (5, 'default.jpg', 'Título 5', 'Descrião 5', '2018-10-26 00:00:00', 0, 5, 1, 1, 6, 17, 9, 1, 0, 0);
INSERT INTO `sosunb`.`demands` (`id`, `image`, `title`, `description`, `created_date`, `excluded`, `status_id`, `type_demand_id`, `type_problems_id`, `users_id`, `local_id`, `environment_id`, `campus_id`, `counter`, `resolved`) VALUES (6, 'default.jpg', 'Título 6', 'Descrião 6', '2018-10-25 00:00:00', 0, 1, 2, 2, 13, 21, 14, 2, 0, 0);
INSERT INTO `sosunb`.`demands` (`id`, `image`, `title`, `description`, `created_date`, `excluded`, `status_id`, `type_demand_id`, `type_problems_id`, `users_id`, `local_id`, `environment_id`, `campus_id`, `counter`, `resolved`) VALUES (7, 'default.jpg', 'Título 7', 'Descrião 7', '2018-10-24 00:00:00', 0, 1, 1, 3, 15, null, 36, 3, 0, 0);
INSERT INTO `sosunb`.`demands` (`id`, `image`, `title`, `description`, `created_date`, `excluded`, `status_id`, `type_demand_id`, `type_problems_id`, `users_id`, `local_id`, `environment_id`, `campus_id`, `counter`, `resolved`) VALUES (8, 'default.jpg', 'Título 8', 'Descrião 8', '2018-10-23 00:00:00', 0, 2, 1, 4, 17, 88, 30, 4, 0, 0);
INSERT INTO `sosunb`.`demands` (`id`, `image`, `title`, `description`, `created_date`, `excluded`, `status_id`, `type_demand_id`, `type_problems_id`, `users_id`, `local_id`, `environment_id`, `campus_id`, `counter`, `resolved`) VALUES (9, 'default.jpg', 'Título 9', 'Descrião 9', '2018-10-22 00:00:00', 0, 4, 1, 1, 3, 81, 27, 1, 0, 0);
INSERT INTO `sosunb`.`demands` (`id`, `image`, `title`, `description`, `created_date`, `excluded`, `status_id`, `type_demand_id`, `type_problems_id`, `users_id`, `local_id`, `environment_id`, `campus_id`, `counter`, `resolved`) VALUES (10, 'default.jpg', 'Título 10', 'Descrião 10', '2018-10-21 00:00:00', 0, 1, 1, 2, 4, null, 11, 2, 0, 0);
INSERT INTO `sosunb`.`demands` (`id`, `image`, `title`, `description`, `created_date`, `excluded`, `status_id`, `type_demand_id`, `type_problems_id`, `users_id`, `local_id`, `environment_id`, `campus_id`, `counter`, `resolved`) VALUES (11, 'default.jpg', 'Título 11', 'Descrião 11', '2018-10-20 00:00:00', 0, 1, 1, 3, 5, null, 34, 3, 0, 0);
INSERT INTO `sosunb`.`demands` (`id`, `image`, `title`, `description`, `created_date`, `excluded`, `status_id`, `type_demand_id`, `type_problems_id`, `users_id`, `local_id`, `environment_id`, `campus_id`, `counter`, `resolved`) VALUES (12, 'default.jpg', 'Título 12', 'Descrião 12', '2018-10-19 00:00:00', 0, 1, 1, 4, 7, 45, 1, 4, 0, 0);
INSERT INTO `sosunb`.`demands` (`id`, `image`, `title`, `description`, `created_date`, `excluded`, `status_id`, `type_demand_id`, `type_problems_id`, `users_id`, `local_id`, `environment_id`, `campus_id`, `counter`, `resolved`) VALUES (13, 'default.jpg', 'Título 13', 'Descrião 13', '2018-10-18 00:00:00', 0, 4, 1, 1, 6, 91, 7, 1, 0, 0);
INSERT INTO `sosunb`.`demands` (`id`, `image`, `title`, `description`, `created_date`, `excluded`, `status_id`, `type_demand_id`, `type_problems_id`, `users_id`, `local_id`, `environment_id`, `campus_id`, `counter`, `resolved`) VALUES (14, 'default.jpg', 'Título 14', 'Descrião 14', '2018-10-17 00:00:00', 0, 1, 1, 2, 13, 53, 17, 2, 0, 0);
INSERT INTO `sosunb`.`demands` (`id`, `image`, `title`, `description`, `created_date`, `excluded`, `status_id`, `type_demand_id`, `type_problems_id`, `users_id`, `local_id`, `environment_id`, `campus_id`, `counter`, `resolved`) VALUES (15, 'default.jpg', 'Título 15', 'Descrião 15', '2018-10-16 00:00:00', 0, 1, 1, 3, 20, null, 32, 3, 0, 0);
INSERT INTO `sosunb`.`demands` (`id`, `image`, `title`, `description`, `created_date`, `excluded`, `status_id`, `type_demand_id`, `type_problems_id`, `users_id`, `local_id`, `environment_id`, `campus_id`, `counter`, `resolved`) VALUES (16, 'default.jpg', 'Título 16', 'Descrião 16', '2018-10-15 00:00:00', 0, 1, 2, 4, 10, 61, 12, 4, 0, 0);
INSERT INTO `sosunb`.`demands` (`id`, `image`, `title`, `description`, `created_date`, `excluded`, `status_id`, `type_demand_id`, `type_problems_id`, `users_id`, `local_id`, `environment_id`, `campus_id`, `counter`, `resolved`) VALUES (17, 'default.jpg', 'Título 17', 'Descrião 17', '2018-10-14 00:00:00', 0, 1, 1, 1, 9, 65, 14, 1, 0, 0);
INSERT INTO `sosunb`.`demands` (`id`, `image`, `title`, `description`, `created_date`, `excluded`, `status_id`, `type_demand_id`, `type_problems_id`, `users_id`, `local_id`, `environment_id`, `campus_id`, `counter`, `resolved`) VALUES (18, 'default.jpg', 'Título 18', 'Descrião 18', '2018-10-13 00:00:00', 0, 1, 1, 2, 10, 97, 28, 2, 0, 0);
INSERT INTO `sosunb`.`demands` (`id`, `image`, `title`, `description`, `created_date`, `excluded`, `status_id`, `type_demand_id`, `type_problems_id`, `users_id`, `local_id`, `environment_id`, `campus_id`, `counter`, `resolved`) VALUES (19, 'default.jpg', 'Título 19', 'Descrião 19', '2018-10-12 00:00:00', 0, 1, 1, 3, 11, 102, 31, 3, 0, 0);
INSERT INTO `sosunb`.`demands` (`id`, `image`, `title`, `description`, `created_date`, `excluded`, `status_id`, `type_demand_id`, `type_problems_id`, `users_id`, `local_id`, `environment_id`, `campus_id`, `counter`, `resolved`) VALUES (20, 'default.jpg', 'Título 20', 'Descrião 20', '2018-10-11 00:00:00', 0, 4, 1, 4, 15, null, 35, 4, 0, 0);

COMMIT;


-- -----------------------------------------------------
-- Data for table `sosunb`.`likes`
-- -----------------------------------------------------
START TRANSACTION;
USE `sosunb`;
INSERT INTO `sosunb`.`likes` (`id`, `date`, `users_id`, `demands_id`) VALUES (1, '2018-11-11 10:43:35', 1, 9);
INSERT INTO `sosunb`.`likes` (`id`, `date`, `users_id`, `demands_id`) VALUES (2, '2018-11-11 10:42:35', 2, 14);
INSERT INTO `sosunb`.`likes` (`id`, `date`, `users_id`, `demands_id`) VALUES (3, '2018-11-11 10:41:35', 2, 2);
INSERT INTO `sosunb`.`likes` (`id`, `date`, `users_id`, `demands_id`) VALUES (4, '2018-11-11 10:40:35', 3, 19);
INSERT INTO `sosunb`.`likes` (`id`, `date`, `users_id`, `demands_id`) VALUES (5, '2018-11-11 10:39:35', 3, 3);
INSERT INTO `sosunb`.`likes` (`id`, `date`, `users_id`, `demands_id`) VALUES (6, '2018-11-11 10:38:35', 4, 3);
INSERT INTO `sosunb`.`likes` (`id`, `date`, `users_id`, `demands_id`) VALUES (7, '2018-11-11 10:37:35', 5, 3);
INSERT INTO `sosunb`.`likes` (`id`, `date`, `users_id`, `demands_id`) VALUES (8, '2018-11-11 10:36:35', 5, 15);
INSERT INTO `sosunb`.`likes` (`id`, `date`, `users_id`, `demands_id`) VALUES (9, '2018-11-11 10:35:35', 6, 2);
INSERT INTO `sosunb`.`likes` (`id`, `date`, `users_id`, `demands_id`) VALUES (10, '2018-11-11 10:34:35', 6, 4);
INSERT INTO `sosunb`.`likes` (`id`, `date`, `users_id`, `demands_id`) VALUES (11, '2018-11-11 10:33:35', 6, 14);
INSERT INTO `sosunb`.`likes` (`id`, `date`, `users_id`, `demands_id`) VALUES (12, '2018-11-11 10:32:35', 7, 12);
INSERT INTO `sosunb`.`likes` (`id`, `date`, `users_id`, `demands_id`) VALUES (13, '2018-11-11 10:31:35', 7, 15);
INSERT INTO `sosunb`.`likes` (`id`, `date`, `users_id`, `demands_id`) VALUES (14, '2018-11-11 10:30:35', 7, 18);
INSERT INTO `sosunb`.`likes` (`id`, `date`, `users_id`, `demands_id`) VALUES (15, '2018-11-11 10:29:35', 7, 13);
INSERT INTO `sosunb`.`likes` (`id`, `date`, `users_id`, `demands_id`) VALUES (16, '2018-11-11 10:28:35', 7, 3);
INSERT INTO `sosunb`.`likes` (`id`, `date`, `users_id`, `demands_id`) VALUES (17, '2018-11-11 10:27:35', 7, 10);
INSERT INTO `sosunb`.`likes` (`id`, `date`, `users_id`, `demands_id`) VALUES (18, '2018-11-11 10:26:35', 8, 14);
INSERT INTO `sosunb`.`likes` (`id`, `date`, `users_id`, `demands_id`) VALUES (19, '2018-11-11 10:25:35', 8, 19);
INSERT INTO `sosunb`.`likes` (`id`, `date`, `users_id`, `demands_id`) VALUES (20, '2018-11-11 10:24:35', 8, 20);
INSERT INTO `sosunb`.`likes` (`id`, `date`, `users_id`, `demands_id`) VALUES (21, '2018-11-11 10:23:35', 9, 7);
INSERT INTO `sosunb`.`likes` (`id`, `date`, `users_id`, `demands_id`) VALUES (22, '2018-11-11 10:22:35', 9, 12);
INSERT INTO `sosunb`.`likes` (`id`, `date`, `users_id`, `demands_id`) VALUES (23, '2018-11-11 10:21:35', 10, 6);
INSERT INTO `sosunb`.`likes` (`id`, `date`, `users_id`, `demands_id`) VALUES (24, '2018-11-11 10:20:35', 10, 7);
INSERT INTO `sosunb`.`likes` (`id`, `date`, `users_id`, `demands_id`) VALUES (25, '2018-11-11 10:19:35', 10, 1);
INSERT INTO `sosunb`.`likes` (`id`, `date`, `users_id`, `demands_id`) VALUES (26, '2018-11-11 10:18:35', 10, 9);
INSERT INTO `sosunb`.`likes` (`id`, `date`, `users_id`, `demands_id`) VALUES (27, '2018-11-11 10:17:35', 11, 12);
INSERT INTO `sosunb`.`likes` (`id`, `date`, `users_id`, `demands_id`) VALUES (28, '2018-11-11 10:16:35', 11, 7);
INSERT INTO `sosunb`.`likes` (`id`, `date`, `users_id`, `demands_id`) VALUES (29, '2018-11-11 10:15:35', 11, 19);
INSERT INTO `sosunb`.`likes` (`id`, `date`, `users_id`, `demands_id`) VALUES (30, '2018-11-11 10:14:35', 11, 11);
INSERT INTO `sosunb`.`likes` (`id`, `date`, `users_id`, `demands_id`) VALUES (31, '2018-11-11 10:13:35', 12, 9);
INSERT INTO `sosunb`.`likes` (`id`, `date`, `users_id`, `demands_id`) VALUES (32, '2018-11-11 10:12:35', 13, 17);
INSERT INTO `sosunb`.`likes` (`id`, `date`, `users_id`, `demands_id`) VALUES (33, '2018-11-11 10:11:35', 13, 19);
INSERT INTO `sosunb`.`likes` (`id`, `date`, `users_id`, `demands_id`) VALUES (34, '2018-11-11 10:10:35', 13, 4);
INSERT INTO `sosunb`.`likes` (`id`, `date`, `users_id`, `demands_id`) VALUES (35, '2018-11-11 10:09:35', 13, 2);
INSERT INTO `sosunb`.`likes` (`id`, `date`, `users_id`, `demands_id`) VALUES (36, '2018-11-11 10:08:35', 14, 1);
INSERT INTO `sosunb`.`likes` (`id`, `date`, `users_id`, `demands_id`) VALUES (37, '2018-11-11 10:07:35', 15, 8);
INSERT INTO `sosunb`.`likes` (`id`, `date`, `users_id`, `demands_id`) VALUES (38, '2018-11-11 10:06:35', 15, 15);
INSERT INTO `sosunb`.`likes` (`id`, `date`, `users_id`, `demands_id`) VALUES (39, '2018-11-11 10:05:35', 15, 17);
INSERT INTO `sosunb`.`likes` (`id`, `date`, `users_id`, `demands_id`) VALUES (40, '2018-11-11 10:04:35', 15, 2);
INSERT INTO `sosunb`.`likes` (`id`, `date`, `users_id`, `demands_id`) VALUES (41, '2018-11-11 10:03:35', 16, 18);
INSERT INTO `sosunb`.`likes` (`id`, `date`, `users_id`, `demands_id`) VALUES (42, '2018-11-11 10:02:35', 16, 17);
INSERT INTO `sosunb`.`likes` (`id`, `date`, `users_id`, `demands_id`) VALUES (43, '2018-11-11 10:01:35', 16, 9);
INSERT INTO `sosunb`.`likes` (`id`, `date`, `users_id`, `demands_id`) VALUES (44, '2018-11-11 10:00:35', 17, 2);
INSERT INTO `sosunb`.`likes` (`id`, `date`, `users_id`, `demands_id`) VALUES (45, '2018-11-11 09:59:35', 17, 12);
INSERT INTO `sosunb`.`likes` (`id`, `date`, `users_id`, `demands_id`) VALUES (46, '2018-11-11 09:58:35', 19, 1);
INSERT INTO `sosunb`.`likes` (`id`, `date`, `users_id`, `demands_id`) VALUES (47, '2018-11-11 09:57:35', 19, 16);
INSERT INTO `sosunb`.`likes` (`id`, `date`, `users_id`, `demands_id`) VALUES (48, '2018-11-11 09:56:35', 20, 18);
INSERT INTO `sosunb`.`likes` (`id`, `date`, `users_id`, `demands_id`) VALUES (49, '2018-11-11 09:55:35', 20, 5);
INSERT INTO `sosunb`.`likes` (`id`, `date`, `users_id`, `demands_id`) VALUES (50, '2018-11-11 09:54:35', 20, 10);

COMMIT;

